us,827123
gb,155739
cn,127811
de,113019
ca,94909
fr,90707
br,81211
in,79822
jp,61325
ru,54394
au,49311
nl,46928
es,41796
se,32903
pl,28020
ua,27398
it,26023
ch,24430
mx,18312
be,17822
ar,17310
tw,17208
no,16761
dk,16403
id,14469
nz,13988
fi,13196
cz,13072
co,12887
at,12714
sg,12230
ie,11910
tr,11374
ro,10744
ph,10680
kr,10378
pt,10319
vn,9974
il,9364
za,8664
by,7846
bg,7235
hu,7061
cl,7029
th,6601
gr,5559
pe,5116
ve,4626
bd,4501
ee,4444
my,4250
eg,3544
rs,3366
ir,3295
pk,3261
hr,3248
sk,3025
lk,3010
si,3002
cr,2891
lt,2839
np,2645
uy,2563
ke,2343
lv,2256
ec,2031
is,1927
ng,1847
ae,1797
ma,1259
bo,1201
lu,1147
md,1144
do,1137
tn,1096
gt,1075
ba,1008
sv,908
kz,890
gh,888
hn,876
ug,870
kh,802
pa,772
jm,762
mk,708
dz,668
lb,659
am,648
ni,534
py,524
cy,524
bj,515
ge,511
sa,511
jo,510
az,484
mm,464
sn,391
ps,366