us,1045587
hu,589640
de,252795
fr,252700
gb,244199
cn,149626
ca,111472
au,92937
br,91979
jp,89424
in,86316
nl,82884
ru,80781
es,64620
se,56873
ch,52380
ee,46675
it,46387
pl,44244
fi,36331
tw,34801
ua,34189
cz,28165
no,27905
be,26851
at,22895
dk,18737
ar,18212
id,17021
kr,16977
mx,16807
nz,16130
za,15836
tr,13727
pt,12995
ie,12786
vn,12349
il,12081
ro,11240
co,10886
sg,10678
bg,9229
gr,9082
ph,8489
by,8303
th,6641
lb,6461
cl,6456
ir,5465
sk,5167
hr,5110
my,4970
lk,4797
bd,4786
cr,4714
kg,4471
rs,4319
ve,4242
pk,4056
lt,3806
pe,3642
ke,3488
eg,3405
si,3303
uy,2865
np,2694
lv,2390
ng,2065
ec,1917
ae,1652
lu,1537
is,1281
do,1232
bo,1208
kz,1190
gt,1096
jo,984
tz,928
tn,906
ma,893
md,825
cu,810
pa,782
mk,738
ba,723
ug,721
am,645
cy,642
sa,620
gh,604
kp,598
ge,556
sv,533
ni,503
az,489
mn,476
dz,462
bw,458
py,447
bj,417