us,183319
gb,33907
cn,31793
de,28293
in,26591
ca,23168
br,23162
fr,22250
ru,15007
jp,13384
au,11186
es,10602
nl,10584
se,8354
ua,7894
pl,7362
it,6727
mx,5021
ch,4862
ar,4548
be,4228
no,4113
dk,4049
id,3968
tw,3807
fi,3616
tr,3299
nz,3060
at,3023
co,2894
cz,2847
pt,2826
kr,2771
ie,2764
ro,2624
vn,2605
ph,2526
sg,2499
za,2245
by,2227
bg,2045
il,1987
cl,1946
hu,1874
gr,1540
th,1463
bd,1394
pe,1254
pk,1230
ve,1179
my,1053
ir,1043
rs,998
hr,975
eg,950
lk,878
cr,806
lt,802
sk,771
ee,756
np,671
uy,655
ke,648
si,598
lv,574
ec,565
is,471
ae,462
ng,454
tn,383
ma,334
bo,332
gt,323
do,319
kz,308
md,267
lu,256
mk,254
ba,252
sv,239
gh,209
pa,204
am,188
kh,181
sa,174
py,172
ug,160
jo,160
hn,159
ni,157
lb,155
dz,155
cy,144
ge,139
bj,128
az,126
mm,124
jm,117
kg,106
cu,99