,timestamp,repo_number
0,2009-01-02 00:00:00,1.0
1,2009-01-10 00:00:00,2.0
2,2009-01-16 00:00:00,3.0
3,2009-01-17 00:00:00,1.0
4,2009-01-19 00:00:00,3.0
5,2009-01-21 00:00:00,5.0
6,2009-01-26 00:00:00,2.0
7,2009-01-31 00:00:00,3.0
8,2009-02-04 00:00:00,2.0
9,2009-02-06 00:00:00,4.0
10,2009-02-10 00:00:00,3.0
11,2009-02-11 00:00:00,6.0
12,2009-02-15 00:00:00,3.0
13,2009-02-16 00:00:00,3.0
14,2009-02-17 00:00:00,3.0
15,2009-02-23 00:00:00,4.0
16,2009-02-24 00:00:00,3.0
17,2009-02-26 00:00:00,3.0
18,2009-03-09 00:00:00,5.0
19,2009-03-11 00:00:00,4.0
20,2009-03-14 00:00:00,4.0
21,2009-03-15 00:00:00,5.0
22,2009-03-17 00:00:00,5.0
23,2009-03-20 00:00:00,4.0
24,2009-03-23 00:00:00,4.0
25,2009-03-24 00:00:00,4.0
26,2009-03-27 00:00:00,6.0
27,2009-03-30 00:00:00,3.0
28,2009-03-31 00:00:00,5.0
29,2009-04-02 00:00:00,4.0
30,2009-04-04 00:00:00,2.0
31,2009-04-06 00:00:00,4.0
32,2009-04-15 00:00:00,6.0
33,2009-04-16 00:00:00,4.0
34,2009-04-21 00:00:00,4.0
35,2009-04-22 00:00:00,4.0
36,2009-05-01 00:00:00,3.0
37,2009-05-02 00:00:00,12.0
38,2009-05-05 00:00:00,5.0
39,2009-05-06 00:00:00,5.0
40,2009-05-08 00:00:00,3.0
41,2009-05-09 00:00:00,4.0
42,2009-05-10 00:00:00,9.0
43,2009-05-11 00:00:00,3.0
44,2009-05-12 00:00:00,6.0
45,2009-05-15 00:00:00,4.0
46,2009-05-16 00:00:00,2.0
47,2009-05-17 00:00:00,3.0
48,2009-05-22 00:00:00,3.0
49,2009-05-23 00:00:00,2.0
50,2009-05-25 00:00:00,5.0
51,2009-05-28 00:00:00,5.0
52,2009-05-29 00:00:00,4.0
53,2009-05-30 00:00:00,3.0
54,2009-06-02 00:00:00,4.0
55,2009-06-03 00:00:00,4.0
56,2009-06-05 00:00:00,4.0
57,2009-06-10 00:00:00,4.0
58,2009-06-13 00:00:00,3.0
59,2009-06-14 00:00:00,3.0
60,2009-06-15 00:00:00,5.0
61,2009-06-16 00:00:00,3.0
62,2009-06-19 00:00:00,4.0
63,2009-06-20 00:00:00,2.0
64,2009-06-21 00:00:00,4.0
65,2009-06-24 00:00:00,4.0
66,2009-07-03 00:00:00,4.0
67,2009-07-04 00:00:00,4.0
68,2009-07-09 00:00:00,5.0
69,2009-07-11 00:00:00,4.0
70,2009-07-12 00:00:00,6.0
71,2009-07-14 00:00:00,2.0
72,2009-07-16 00:00:00,3.0
73,2009-07-19 00:00:00,7.0
74,2009-07-21 00:00:00,5.0
75,2009-07-25 00:00:00,4.0
76,2009-07-26 00:00:00,3.0
77,2009-07-27 00:00:00,5.0
78,2009-07-28 00:00:00,5.0
79,2009-07-29 00:00:00,6.0
80,2009-07-30 00:00:00,4.0
81,2009-08-01 00:00:00,2.0
82,2009-08-02 00:00:00,6.0
83,2009-08-03 00:00:00,5.0
84,2009-08-06 00:00:00,5.0
85,2009-08-08 00:00:00,5.0
86,2009-08-10 00:00:00,4.0
87,2009-08-12 00:00:00,5.0
88,2009-08-16 00:00:00,3.0
89,2009-08-18 00:00:00,4.0
90,2009-08-19 00:00:00,5.0
91,2009-08-21 00:00:00,3.0
92,2009-08-22 00:00:00,4.0
93,2009-08-23 00:00:00,3.0
94,2009-08-26 00:00:00,7.0
95,2009-08-27 00:00:00,6.0
96,2009-09-01 00:00:00,6.0
97,2009-09-03 00:00:00,7.0
98,2009-09-05 00:00:00,6.0
99,2009-09-07 00:00:00,7.0
100,2009-09-09 00:00:00,3.0
101,2009-09-10 00:00:00,3.0
102,2009-09-14 00:00:00,7.0
103,2009-09-15 00:00:00,10.0
104,2009-09-18 00:00:00,5.0
105,2009-09-23 00:00:00,9.0
106,2009-09-24 00:00:00,5.0
107,2009-09-25 00:00:00,8.0
108,2009-09-26 00:00:00,3.0
109,2009-09-28 00:00:00,6.0
110,2009-10-02 00:00:00,8.0
111,2009-10-03 00:00:00,6.0
112,2009-10-04 00:00:00,8.0
113,2009-10-05 00:00:00,8.0
114,2009-10-07 00:00:00,4.0
115,2009-10-08 00:00:00,9.0
116,2009-10-09 00:00:00,5.0
117,2009-10-13 00:00:00,6.0
118,2009-10-15 00:00:00,7.0
119,2009-10-16 00:00:00,4.0
120,2009-10-17 00:00:00,4.0
121,2009-10-20 00:00:00,6.0
122,2009-10-21 00:00:00,6.0
123,2009-10-22 00:00:00,10.0
124,2009-10-23 00:00:00,7.0
125,2009-10-25 00:00:00,4.0
126,2009-10-26 00:00:00,8.0
127,2009-10-27 00:00:00,13.0
128,2009-10-29 00:00:00,7.0
129,2009-11-01 00:00:00,5.0
130,2009-11-05 00:00:00,10.0
131,2009-11-06 00:00:00,5.0
132,2009-11-10 00:00:00,4.0
133,2009-11-11 00:00:00,7.0
134,2009-11-12 00:00:00,6.0
135,2009-11-13 00:00:00,7.0
136,2009-11-15 00:00:00,6.0
137,2009-11-17 00:00:00,5.0
138,2009-11-20 00:00:00,6.0
139,2009-11-22 00:00:00,10.0
140,2009-11-25 00:00:00,5.0
141,2009-11-30 00:00:00,6.0
142,2009-12-01 00:00:00,9.0
143,2009-12-08 00:00:00,6.0
144,2009-12-09 00:00:00,5.0
145,2009-12-11 00:00:00,5.0
146,2009-12-12 00:00:00,5.0
147,2009-12-17 00:00:00,5.0
148,2009-12-20 00:00:00,7.0
149,2009-12-22 00:00:00,7.0
150,2009-12-23 00:00:00,5.0
151,2009-12-26 00:00:00,4.0
152,2009-12-27 00:00:00,5.0
153,2009-12-29 00:00:00,8.0
154,2009-12-31 00:00:00,5.0
155,2010-01-03 00:00:00,7.0
156,2010-01-04 00:00:00,9.0
157,2010-01-07 00:00:00,11.0
158,2010-01-08 00:00:00,6.0
159,2010-01-09 00:00:00,3.0
160,2010-01-10 00:00:00,7.0
161,2010-01-11 00:00:00,7.0
162,2010-01-12 00:00:00,11.0
163,2010-01-13 00:00:00,6.0
164,2010-01-14 00:00:00,7.0
165,2010-01-15 00:00:00,8.0
166,2010-01-16 00:00:00,9.0
167,2010-01-17 00:00:00,7.0
168,2010-01-18 00:00:00,9.0
169,2010-01-19 00:00:00,12.0
170,2010-01-20 00:00:00,8.0
171,2010-01-21 00:00:00,6.0
172,2010-01-22 00:00:00,8.0
173,2010-01-23 00:00:00,8.0
174,2010-01-24 00:00:00,11.0
175,2010-01-26 00:00:00,16.0
176,2010-01-27 00:00:00,10.0
177,2010-01-28 00:00:00,18.0
178,2010-01-29 00:00:00,7.0
179,2010-01-30 00:00:00,9.0
180,2010-01-31 00:00:00,9.0
181,2010-02-01 00:00:00,8.0
182,2010-02-02 00:00:00,10.0
183,2010-02-03 00:00:00,8.0
184,2010-02-06 00:00:00,10.0
185,2010-02-08 00:00:00,9.0
186,2010-02-13 00:00:00,6.0
187,2010-02-15 00:00:00,10.0
188,2010-02-16 00:00:00,7.0
189,2010-02-18 00:00:00,13.0
190,2010-02-19 00:00:00,9.0
191,2010-02-20 00:00:00,6.0
192,2010-02-23 00:00:00,8.0
193,2010-02-26 00:00:00,8.0
194,2010-02-28 00:00:00,7.0
195,2010-03-02 00:00:00,12.0
196,2010-03-04 00:00:00,13.0
197,2010-03-07 00:00:00,9.0
198,2010-03-08 00:00:00,9.0
199,2010-03-10 00:00:00,9.0
200,2010-03-11 00:00:00,9.0
201,2010-03-14 00:00:00,7.0
202,2010-03-15 00:00:00,7.0
203,2010-03-17 00:00:00,10.0
204,2010-03-18 00:00:00,12.0
205,2010-03-19 00:00:00,10.0
206,2010-03-20 00:00:00,10.0
207,2010-03-21 00:00:00,17.0
208,2010-03-22 00:00:00,7.0
209,2010-03-25 00:00:00,8.0
210,2010-03-27 00:00:00,6.0
211,2010-03-29 00:00:00,7.0
212,2010-03-30 00:00:00,13.0
213,2010-03-31 00:00:00,13.0
214,2010-04-01 00:00:00,10.0
215,2010-04-08 00:00:00,7.0
216,2010-04-22 00:00:00,10.0
217,2010-04-24 00:00:00,9.0
218,2010-04-26 00:00:00,10.0
219,2010-04-27 00:00:00,6.0
220,2010-04-29 00:00:00,7.0
221,2010-05-01 00:00:00,8.0
222,2010-05-03 00:00:00,10.0
223,2010-05-04 00:00:00,14.0
224,2010-05-05 00:00:00,8.0
225,2010-05-07 00:00:00,9.0
226,2010-05-08 00:00:00,11.0
227,2010-05-11 00:00:00,13.0
228,2010-05-12 00:00:00,8.0
229,2010-05-14 00:00:00,12.0
230,2010-05-15 00:00:00,5.0
231,2010-05-16 00:00:00,8.0
232,2010-05-17 00:00:00,8.0
233,2010-05-19 00:00:00,10.0
234,2010-05-21 00:00:00,9.0
235,2010-05-22 00:00:00,5.0
236,2010-05-23 00:00:00,6.0
237,2010-05-25 00:00:00,16.0
238,2010-05-26 00:00:00,8.0
239,2010-05-29 00:00:00,14.0
240,2010-05-30 00:00:00,6.0
241,2010-05-31 00:00:00,16.0
242,2010-06-01 00:00:00,10.0
243,2010-06-02 00:00:00,11.0
244,2010-06-03 00:00:00,8.0
245,2010-06-04 00:00:00,7.0
246,2010-06-05 00:00:00,10.0
247,2010-06-06 00:00:00,6.0
248,2010-06-07 00:00:00,11.0
249,2010-06-09 00:00:00,11.0
250,2010-06-10 00:00:00,10.0
251,2010-06-11 00:00:00,10.0
252,2010-06-12 00:00:00,6.0
253,2010-06-13 00:00:00,5.0
254,2010-06-15 00:00:00,11.0
255,2010-06-18 00:00:00,9.0
256,2010-06-20 00:00:00,11.0
257,2010-06-24 00:00:00,10.0
258,2010-06-25 00:00:00,6.0
259,2010-06-26 00:00:00,7.0
260,2010-06-27 00:00:00,8.0
261,2010-07-01 00:00:00,14.0
262,2010-07-02 00:00:00,17.0
263,2010-07-03 00:00:00,13.0
264,2010-07-04 00:00:00,5.0
265,2010-07-06 00:00:00,10.0
266,2010-07-07 00:00:00,7.0
267,2010-07-08 00:00:00,9.0
268,2010-07-09 00:00:00,11.0
269,2010-07-10 00:00:00,11.0
270,2010-07-11 00:00:00,6.0
271,2010-07-13 00:00:00,14.0
272,2010-07-15 00:00:00,13.0
273,2010-07-16 00:00:00,16.0
274,2010-07-17 00:00:00,11.0
275,2010-07-18 00:00:00,9.0
276,2010-07-19 00:00:00,12.0
277,2010-07-21 00:00:00,8.0
278,2010-07-22 00:00:00,91.0
279,2010-07-23 00:00:00,12.0
280,2010-07-24 00:00:00,6.0
281,2010-07-25 00:00:00,12.0
282,2010-07-27 00:00:00,12.0
283,2010-07-28 00:00:00,10.0
284,2010-07-29 00:00:00,11.0
285,2010-07-31 00:00:00,9.0
286,2010-08-01 00:00:00,7.0
287,2010-08-02 00:00:00,13.0
288,2010-08-03 00:00:00,10.0
289,2010-08-04 00:00:00,15.0
290,2010-08-06 00:00:00,9.0
291,2010-08-08 00:00:00,14.0
292,2010-08-09 00:00:00,12.0
293,2010-08-10 00:00:00,18.0
294,2010-08-11 00:00:00,16.0
295,2010-08-13 00:00:00,11.0
296,2010-08-15 00:00:00,8.0
297,2010-08-16 00:00:00,13.0
298,2010-08-17 00:00:00,14.0
299,2010-08-18 00:00:00,18.0
300,2010-08-19 00:00:00,9.0
301,2010-08-20 00:00:00,14.0
302,2010-08-21 00:00:00,6.0
303,2010-08-22 00:00:00,8.0
304,2010-08-23 00:00:00,9.0
305,2010-08-24 00:00:00,13.0
306,2010-08-25 00:00:00,12.0
307,2010-08-27 00:00:00,12.0
308,2010-08-28 00:00:00,9.0
309,2010-08-29 00:00:00,14.0
310,2010-08-30 00:00:00,11.0
311,2010-08-31 00:00:00,10.0
312,2010-09-02 00:00:00,13.0
313,2010-09-03 00:00:00,9.0
314,2010-09-04 00:00:00,7.0
315,2010-09-06 00:00:00,9.0
316,2010-09-09 00:00:00,11.0
317,2010-09-12 00:00:00,10.0
318,2010-09-13 00:00:00,11.0
319,2010-09-15 00:00:00,18.0
320,2010-09-16 00:00:00,12.0
321,2010-09-18 00:00:00,8.0
322,2010-09-19 00:00:00,8.0
323,2010-09-20 00:00:00,13.0
324,2010-09-22 00:00:00,17.0
325,2010-09-24 00:00:00,17.0
326,2010-09-25 00:00:00,11.0
327,2010-09-26 00:00:00,13.0
328,2010-09-27 00:00:00,17.0
329,2010-09-29 00:00:00,16.0
330,2010-09-30 00:00:00,13.0
331,2010-10-01 00:00:00,18.0
332,2010-10-02 00:00:00,14.0
333,2010-10-03 00:00:00,11.0
334,2010-10-04 00:00:00,17.0
335,2010-10-08 00:00:00,13.0
336,2010-10-09 00:00:00,9.0
337,2010-10-12 00:00:00,19.0
338,2010-10-13 00:00:00,13.0
339,2010-10-16 00:00:00,11.0
340,2010-10-17 00:00:00,11.0
341,2010-10-21 00:00:00,13.0
342,2010-10-23 00:00:00,15.0
343,2010-10-24 00:00:00,14.0
344,2010-10-25 00:00:00,18.0
345,2010-10-26 00:00:00,19.0
346,2010-10-27 00:00:00,16.0
347,2010-10-30 00:00:00,13.0
348,2010-10-31 00:00:00,14.0
349,2010-11-02 00:00:00,17.0
350,2010-11-05 00:00:00,19.0
351,2010-11-06 00:00:00,26.0
352,2010-11-07 00:00:00,24.0
353,2010-11-08 00:00:00,20.0
354,2010-11-09 00:00:00,17.0
355,2010-11-11 00:00:00,19.0
356,2010-11-12 00:00:00,20.0
357,2010-11-13 00:00:00,17.0
358,2010-11-15 00:00:00,14.0
359,2010-11-17 00:00:00,17.0
360,2010-11-18 00:00:00,15.0
361,2010-11-21 00:00:00,15.0
362,2010-11-22 00:00:00,25.0
363,2010-11-24 00:00:00,13.0
364,2010-11-26 00:00:00,16.0
365,2010-11-27 00:00:00,13.0
366,2010-11-28 00:00:00,12.0
367,2010-11-29 00:00:00,12.0
368,2010-12-01 00:00:00,19.0
369,2010-12-06 00:00:00,16.0
370,2010-12-10 00:00:00,19.0
371,2010-12-11 00:00:00,12.0
372,2010-12-14 00:00:00,18.0
373,2010-12-15 00:00:00,24.0
374,2010-12-16 00:00:00,15.0
375,2010-12-19 00:00:00,13.0
376,2010-12-22 00:00:00,16.0
377,2010-12-23 00:00:00,13.0
378,2010-12-24 00:00:00,14.0
379,2010-12-25 00:00:00,6.0
380,2010-12-27 00:00:00,11.0
381,2010-12-28 00:00:00,14.0
382,2010-12-29 00:00:00,16.0
383,2010-12-30 00:00:00,17.0
384,2011-01-02 00:00:00,11.0
385,2011-01-03 00:00:00,18.0
386,2011-01-05 00:00:00,19.0
387,2011-01-06 00:00:00,16.0
388,2011-01-07 00:00:00,19.0
389,2011-01-08 00:00:00,12.0
390,2011-01-10 00:00:00,12.0
391,2011-01-11 00:00:00,24.0
392,2011-01-13 00:00:00,22.0
393,2011-01-15 00:00:00,11.0
394,2011-01-17 00:00:00,17.0
395,2011-01-19 00:00:00,17.0
396,2011-01-20 00:00:00,20.0
397,2011-01-21 00:00:00,20.0
398,2011-01-23 00:00:00,15.0
399,2011-01-24 00:00:00,20.0
400,2011-01-25 00:00:00,19.0
401,2011-01-26 00:00:00,24.0
402,2011-01-28 00:00:00,22.0
403,2011-01-29 00:00:00,13.0
404,2011-01-30 00:00:00,19.0
405,2011-01-31 00:00:00,17.0
406,2011-02-01 00:00:00,20.0
407,2011-02-02 00:00:00,16.0
408,2011-02-03 00:00:00,22.0
409,2011-02-05 00:00:00,14.0
410,2011-02-06 00:00:00,12.0
411,2011-02-07 00:00:00,23.0
412,2011-02-08 00:00:00,32.0
413,2011-02-09 00:00:00,29.0
414,2011-02-10 00:00:00,28.0
415,2011-02-14 00:00:00,28.0
416,2011-02-15 00:00:00,20.0
417,2011-02-20 00:00:00,20.0
418,2011-02-21 00:00:00,19.0
419,2011-02-23 00:00:00,23.0
420,2011-02-24 00:00:00,20.0
421,2011-02-25 00:00:00,29.0
422,2011-02-26 00:00:00,24.0
423,2011-02-27 00:00:00,21.0
424,2011-02-28 00:00:00,19.0
425,2011-03-01 00:00:00,17.0
426,2011-03-02 00:00:00,20.0
427,2011-03-03 00:00:00,21.0
428,2011-03-04 00:00:00,27.0
429,2011-03-05 00:00:00,21.0
430,2011-03-06 00:00:00,21.0
431,2011-03-08 00:00:00,32.0
432,2011-03-10 00:00:00,27.0
433,2011-03-11 00:00:00,18.0
434,2011-03-12 00:00:00,14.0
435,2011-03-13 00:00:00,19.0
436,2011-03-15 00:00:00,30.0
437,2011-03-17 00:00:00,23.0
438,2011-03-18 00:00:00,29.0
439,2011-03-19 00:00:00,24.0
440,2011-03-20 00:00:00,26.0
441,2011-03-21 00:00:00,27.0
442,2011-03-22 00:00:00,23.0
443,2011-03-23 00:00:00,27.0
444,2011-03-25 00:00:00,21.0
445,2011-03-27 00:00:00,24.0
446,2011-03-28 00:00:00,27.0
447,2011-03-29 00:00:00,20.0
448,2011-03-31 00:00:00,20.0
449,2011-04-01 00:00:00,24.0
450,2011-04-02 00:00:00,20.0
451,2011-04-04 00:00:00,28.0
452,2011-04-05 00:00:00,30.0
453,2011-04-07 00:00:00,28.0
454,2011-04-09 00:00:00,22.0
455,2011-04-10 00:00:00,22.0
456,2011-04-11 00:00:00,20.0
457,2011-04-12 00:00:00,32.0
458,2011-04-13 00:00:00,17.0
459,2011-04-14 00:00:00,21.0
460,2011-04-15 00:00:00,35.0
461,2011-04-18 00:00:00,23.0
462,2011-04-19 00:00:00,25.0
463,2011-04-20 00:00:00,31.0
464,2011-04-21 00:00:00,23.0
465,2011-04-22 00:00:00,22.0
466,2011-04-23 00:00:00,19.0
467,2011-04-24 00:00:00,16.0
468,2011-04-25 00:00:00,17.0
469,2011-04-26 00:00:00,24.0
470,2011-04-27 00:00:00,23.0
471,2011-04-28 00:00:00,24.0
472,2011-04-29 00:00:00,26.0
473,2011-04-30 00:00:00,21.0
474,2011-05-01 00:00:00,20.0
475,2011-05-02 00:00:00,21.0
476,2011-05-03 00:00:00,27.0
477,2011-05-04 00:00:00,34.0
478,2011-05-05 00:00:00,29.0
479,2011-05-06 00:00:00,30.0
480,2011-05-07 00:00:00,17.0
481,2011-05-09 00:00:00,30.0
482,2011-05-10 00:00:00,24.0
483,2011-05-11 00:00:00,25.0
484,2011-05-12 00:00:00,25.0
485,2011-05-13 00:00:00,31.0
486,2011-05-15 00:00:00,17.0
487,2011-05-16 00:00:00,28.0
488,2011-05-17 00:00:00,28.0
489,2011-05-18 00:00:00,26.0
490,2011-05-20 00:00:00,18.0
491,2011-05-21 00:00:00,20.0
492,2011-05-22 00:00:00,15.0
493,2011-05-23 00:00:00,29.0
494,2011-05-24 00:00:00,26.0
495,2011-05-26 00:00:00,26.0
496,2011-05-29 00:00:00,18.0
497,2011-05-31 00:00:00,20.0
498,2011-06-01 00:00:00,31.0
499,2011-06-04 00:00:00,17.0
500,2011-06-05 00:00:00,14.0
501,2011-06-06 00:00:00,29.0
502,2011-06-08 00:00:00,21.0
503,2011-06-09 00:00:00,24.0
504,2011-06-11 00:00:00,19.0
505,2011-06-12 00:00:00,19.0
506,2011-06-16 00:00:00,26.0
507,2011-06-17 00:00:00,24.0
508,2011-06-18 00:00:00,23.0
509,2011-06-20 00:00:00,19.0
510,2011-06-21 00:00:00,25.0
511,2011-06-22 00:00:00,30.0
512,2011-06-24 00:00:00,17.0
513,2011-06-26 00:00:00,24.0
514,2011-06-28 00:00:00,34.0
515,2011-06-29 00:00:00,38.0
516,2011-06-30 00:00:00,32.0
517,2011-07-02 00:00:00,21.0
518,2011-07-03 00:00:00,27.0
519,2011-07-04 00:00:00,28.0
520,2011-07-05 00:00:00,36.0
521,2011-07-06 00:00:00,34.0
522,2011-07-07 00:00:00,31.0
523,2011-07-10 00:00:00,35.0
524,2011-07-11 00:00:00,24.0
525,2011-07-13 00:00:00,26.0
526,2011-07-14 00:00:00,27.0
527,2011-07-15 00:00:00,31.0
528,2011-07-16 00:00:00,28.0
529,2011-07-18 00:00:00,22.0
530,2011-07-19 00:00:00,36.0
531,2011-07-20 00:00:00,28.0
532,2011-07-22 00:00:00,25.0
533,2011-07-23 00:00:00,22.0
534,2011-07-24 00:00:00,28.0
535,2011-07-25 00:00:00,26.0
536,2011-07-27 00:00:00,30.0
537,2011-07-29 00:00:00,22.0
538,2011-07-30 00:00:00,22.0
539,2011-07-31 00:00:00,21.0
540,2011-08-01 00:00:00,21.0
541,2011-08-02 00:00:00,27.0
542,2011-08-03 00:00:00,36.0
543,2011-08-04 00:00:00,24.0
544,2011-08-05 00:00:00,31.0
545,2011-08-07 00:00:00,16.0
546,2011-08-08 00:00:00,36.0
547,2011-08-09 00:00:00,32.0
548,2011-08-10 00:00:00,28.0
549,2011-08-12 00:00:00,31.0
550,2011-08-13 00:00:00,22.0
551,2011-08-14 00:00:00,25.0
552,2011-08-15 00:00:00,29.0
553,2011-08-16 00:00:00,38.0
554,2011-08-20 00:00:00,23.0
555,2011-08-24 00:00:00,29.0
556,2011-08-25 00:00:00,26.0
557,2011-08-26 00:00:00,30.0
558,2011-08-27 00:00:00,20.0
559,2011-08-28 00:00:00,20.0
560,2011-08-31 00:00:00,33.0
561,2011-09-01 00:00:00,29.0
562,2011-09-02 00:00:00,29.0
563,2011-09-03 00:00:00,31.0
564,2011-09-04 00:00:00,29.0
565,2011-09-05 00:00:00,30.0
566,2011-09-08 00:00:00,39.0
567,2011-09-09 00:00:00,48.0
568,2011-09-10 00:00:00,30.0
569,2011-09-11 00:00:00,21.0
570,2011-09-12 00:00:00,34.0
571,2011-09-13 00:00:00,28.0
572,2011-09-15 00:00:00,36.0
573,2011-09-16 00:00:00,32.0
574,2011-09-17 00:00:00,30.0
575,2011-09-18 00:00:00,28.0
576,2011-09-19 00:00:00,26.0
577,2011-09-20 00:00:00,32.0
578,2011-09-21 00:00:00,41.0
579,2011-09-22 00:00:00,34.0
580,2011-09-23 00:00:00,32.0
581,2011-09-24 00:00:00,33.0
582,2011-09-25 00:00:00,33.0
583,2011-09-27 00:00:00,34.0
584,2011-09-28 00:00:00,33.0
585,2011-09-29 00:00:00,30.0
586,2011-09-30 00:00:00,28.0
587,2011-10-01 00:00:00,15.0
588,2011-10-02 00:00:00,20.0
589,2011-10-03 00:00:00,30.0
590,2011-10-05 00:00:00,36.0
591,2011-10-06 00:00:00,32.0
592,2011-10-07 00:00:00,34.0
593,2011-10-09 00:00:00,31.0
594,2011-10-10 00:00:00,40.0
595,2011-10-11 00:00:00,33.0
596,2011-10-13 00:00:00,22.0
597,2011-10-14 00:00:00,27.0
598,2011-10-16 00:00:00,25.0
599,2011-10-18 00:00:00,34.0
600,2011-10-19 00:00:00,28.0
601,2011-10-20 00:00:00,30.0
602,2011-10-21 00:00:00,23.0
603,2011-10-22 00:00:00,37.0
604,2011-10-23 00:00:00,30.0
605,2011-10-24 00:00:00,37.0
606,2011-10-25 00:00:00,35.0
607,2011-10-26 00:00:00,47.0
608,2011-10-27 00:00:00,36.0
609,2011-10-28 00:00:00,31.0
610,2011-10-29 00:00:00,25.0
611,2011-10-31 00:00:00,37.0
612,2011-11-01 00:00:00,30.0
613,2011-11-02 00:00:00,41.0
614,2011-11-03 00:00:00,38.0
615,2011-11-04 00:00:00,46.0
616,2011-11-05 00:00:00,27.0
617,2011-11-07 00:00:00,40.0
618,2011-11-08 00:00:00,37.0
619,2011-11-09 00:00:00,38.0
620,2011-11-10 00:00:00,38.0
621,2011-11-11 00:00:00,31.0
622,2011-11-12 00:00:00,32.0
623,2011-11-13 00:00:00,38.0
624,2011-11-14 00:00:00,31.0
625,2011-11-15 00:00:00,42.0
626,2011-11-16 00:00:00,34.0
627,2011-11-17 00:00:00,31.0
628,2011-11-18 00:00:00,30.0
629,2011-11-19 00:00:00,23.0
630,2011-11-22 00:00:00,34.0
631,2011-11-23 00:00:00,41.0
632,2011-11-24 00:00:00,32.0
633,2011-11-26 00:00:00,36.0
634,2011-11-27 00:00:00,29.0
635,2011-11-29 00:00:00,42.0
636,2011-11-30 00:00:00,27.0
637,2011-12-01 00:00:00,45.0
638,2011-12-02 00:00:00,36.0
639,2011-12-03 00:00:00,25.0
640,2011-12-04 00:00:00,35.0
641,2011-12-05 00:00:00,40.0
642,2011-12-06 00:00:00,39.0
643,2011-12-07 00:00:00,45.0
644,2011-12-08 00:00:00,35.0
645,2011-12-10 00:00:00,26.0
646,2011-12-11 00:00:00,26.0
647,2011-12-12 00:00:00,36.0
648,2011-12-13 00:00:00,44.0
649,2011-12-16 00:00:00,23.0
650,2011-12-17 00:00:00,22.0
651,2011-12-18 00:00:00,25.0
652,2011-12-19 00:00:00,41.0
653,2011-12-20 00:00:00,37.0
654,2011-12-21 00:00:00,40.0
655,2011-12-22 00:00:00,36.0
656,2011-12-23 00:00:00,35.0
657,2011-12-24 00:00:00,20.0
658,2011-12-26 00:00:00,26.0
659,2011-12-27 00:00:00,20.0
660,2011-12-28 00:00:00,32.0
661,2011-12-29 00:00:00,38.0
662,2011-12-30 00:00:00,39.0
663,2011-12-31 00:00:00,22.0
664,2012-01-02 00:00:00,38.0
665,2012-01-03 00:00:00,32.0
666,2012-01-04 00:00:00,41.0
667,2012-01-05 00:00:00,44.0
668,2012-01-06 00:00:00,38.0
669,2012-01-07 00:00:00,35.0
670,2012-01-08 00:00:00,36.0
671,2012-01-09 00:00:00,51.0
672,2012-01-10 00:00:00,39.0
673,2012-01-11 00:00:00,41.0
674,2012-01-12 00:00:00,37.0
675,2012-01-13 00:00:00,39.0
676,2012-01-15 00:00:00,37.0
677,2012-01-16 00:00:00,44.0
678,2012-01-18 00:00:00,44.0
679,2012-01-19 00:00:00,40.0
680,2012-01-20 00:00:00,39.0
681,2012-01-21 00:00:00,37.0
682,2012-01-22 00:00:00,56.0
683,2012-01-23 00:00:00,42.0
684,2012-01-24 00:00:00,42.0
685,2012-01-25 00:00:00,38.0
686,2012-01-26 00:00:00,45.0
687,2012-01-27 00:00:00,32.0
688,2012-01-28 00:00:00,42.0
689,2012-01-29 00:00:00,52.0
690,2012-01-30 00:00:00,43.0
691,2012-01-31 00:00:00,40.0
692,2012-02-01 00:00:00,41.0
693,2012-02-02 00:00:00,39.0
694,2012-02-03 00:00:00,39.0
695,2012-02-04 00:00:00,39.0
696,2012-02-05 00:00:00,45.0
697,2012-02-06 00:00:00,55.0
698,2012-02-07 00:00:00,59.0
699,2012-02-08 00:00:00,44.0
700,2012-02-09 00:00:00,45.0
701,2012-02-10 00:00:00,60.0
702,2012-02-11 00:00:00,36.0
703,2012-02-12 00:00:00,49.0
704,2012-02-13 00:00:00,63.0
705,2012-02-14 00:00:00,49.0
706,2012-02-15 00:00:00,68.0
707,2012-02-16 00:00:00,46.0
708,2012-02-17 00:00:00,53.0
709,2012-02-18 00:00:00,41.0
710,2012-02-19 00:00:00,43.0
711,2012-02-20 00:00:00,49.0
712,2012-02-21 00:00:00,65.0
713,2012-02-22 00:00:00,58.0
714,2012-02-23 00:00:00,57.0
715,2012-02-24 00:00:00,53.0
716,2012-02-25 00:00:00,41.0
717,2012-02-26 00:00:00,45.0
718,2012-02-27 00:00:00,54.0
719,2012-02-28 00:00:00,46.0
720,2012-02-29 00:00:00,48.0
721,2012-03-01 00:00:00,47.0
722,2012-03-02 00:00:00,44.0
723,2012-03-03 00:00:00,54.0
724,2012-03-04 00:00:00,36.0
725,2012-03-05 00:00:00,77.0
726,2012-03-06 00:00:00,46.0
727,2012-03-07 00:00:00,57.0
728,2012-03-08 00:00:00,54.0
729,2012-03-09 00:00:00,60.0
730,2012-03-10 00:00:00,41.0
731,2012-03-11 00:00:00,43.0
732,2012-03-12 00:00:00,76.0
733,2012-03-13 00:00:00,54.0
734,2012-03-14 00:00:00,46.0
735,2012-03-15 00:00:00,54.0
736,2012-03-16 00:00:00,41.0
737,2012-03-17 00:00:00,48.0
738,2012-03-18 00:00:00,41.0
739,2012-03-19 00:00:00,50.0
740,2012-03-20 00:00:00,55.0
741,2012-03-21 00:00:00,66.0
742,2012-03-22 00:00:00,48.0
743,2012-03-23 00:00:00,69.0
744,2012-03-24 00:00:00,40.0
745,2012-03-25 00:00:00,47.0
746,2012-03-26 00:00:00,50.0
747,2012-03-27 00:00:00,48.0
748,2012-03-28 00:00:00,80.0
749,2012-03-29 00:00:00,56.0
750,2012-03-31 00:00:00,40.0
751,2012-04-01 00:00:00,45.0
752,2012-04-02 00:00:00,56.0
753,2012-04-03 00:00:00,62.0
754,2012-04-04 00:00:00,55.0
755,2012-04-05 00:00:00,62.0
756,2012-04-06 00:00:00,41.0
757,2012-04-07 00:00:00,48.0
758,2012-04-08 00:00:00,41.0
759,2012-04-09 00:00:00,68.0
760,2012-04-10 00:00:00,49.0
761,2012-04-11 00:00:00,57.0
762,2012-04-12 00:00:00,76.0
763,2012-04-13 00:00:00,57.0
764,2012-04-14 00:00:00,46.0
765,2012-04-15 00:00:00,51.0
766,2012-04-16 00:00:00,66.0
767,2012-04-17 00:00:00,56.0
768,2012-04-18 00:00:00,55.0
769,2012-04-19 00:00:00,70.0
770,2012-04-20 00:00:00,72.0
771,2012-04-21 00:00:00,47.0
772,2012-04-22 00:00:00,56.0
773,2012-04-23 00:00:00,45.0
774,2012-04-24 00:00:00,61.0
775,2012-04-25 00:00:00,63.0
776,2012-04-26 00:00:00,67.0
777,2012-04-27 00:00:00,54.0
778,2012-04-28 00:00:00,50.0
779,2012-04-29 00:00:00,46.0
780,2012-04-30 00:00:00,49.0
781,2012-05-01 00:00:00,75.0
782,2012-05-02 00:00:00,75.0
783,2012-05-03 00:00:00,71.0
784,2012-05-04 00:00:00,44.0
785,2012-05-05 00:00:00,66.0
786,2012-05-06 00:00:00,46.0
787,2012-05-07 00:00:00,49.0
788,2012-05-08 00:00:00,61.0
789,2012-05-09 00:00:00,58.0
790,2012-05-10 00:00:00,53.0
791,2012-05-11 00:00:00,48.0
792,2012-05-12 00:00:00,41.0
793,2012-05-14 00:00:00,50.0
794,2012-05-15 00:00:00,68.0
795,2012-05-16 00:00:00,57.0
796,2012-05-17 00:00:00,55.0
797,2012-05-18 00:00:00,43.0
798,2012-05-19 00:00:00,39.0
799,2012-05-20 00:00:00,45.0
800,2012-05-21 00:00:00,84.0
801,2012-05-22 00:00:00,86.0
802,2012-05-23 00:00:00,75.0
803,2012-05-24 00:00:00,74.0
804,2012-05-25 00:00:00,64.0
805,2012-05-26 00:00:00,54.0
806,2012-05-27 00:00:00,53.0
807,2012-05-28 00:00:00,51.0
808,2012-05-29 00:00:00,75.0
809,2012-05-30 00:00:00,59.0
810,2012-05-31 00:00:00,67.0
811,2012-06-01 00:00:00,46.0
812,2012-06-02 00:00:00,50.0
813,2012-06-03 00:00:00,55.0
814,2012-06-04 00:00:00,63.0
815,2012-06-05 00:00:00,67.0
816,2012-06-06 00:00:00,84.0
817,2012-06-07 00:00:00,69.0
818,2012-06-08 00:00:00,62.0
819,2012-06-09 00:00:00,42.0
820,2012-06-10 00:00:00,86.0
821,2012-06-11 00:00:00,61.0
822,2012-06-12 00:00:00,94.0
823,2012-06-13 00:00:00,87.0
824,2012-06-14 00:00:00,72.0
825,2012-06-15 00:00:00,52.0
826,2012-06-16 00:00:00,56.0
827,2012-06-17 00:00:00,56.0
828,2012-06-18 00:00:00,61.0
829,2012-06-19 00:00:00,80.0
830,2012-06-20 00:00:00,68.0
831,2012-06-21 00:00:00,70.0
832,2012-06-22 00:00:00,57.0
833,2012-06-23 00:00:00,55.0
834,2012-06-24 00:00:00,37.0
835,2012-06-25 00:00:00,64.0
836,2012-06-26 00:00:00,77.0
837,2012-06-27 00:00:00,64.0
838,2012-06-28 00:00:00,61.0
839,2012-06-29 00:00:00,63.0
840,2012-06-30 00:00:00,58.0
841,2012-07-01 00:00:00,53.0
842,2012-07-02 00:00:00,53.0
843,2012-07-03 00:00:00,73.0
844,2012-07-04 00:00:00,73.0
845,2012-07-05 00:00:00,61.0
846,2012-07-06 00:00:00,53.0
847,2012-07-07 00:00:00,68.0
848,2012-07-08 00:00:00,60.0
849,2012-07-09 00:00:00,62.0
850,2012-07-10 00:00:00,65.0
851,2012-07-11 00:00:00,70.0
852,2012-07-12 00:00:00,51.0
853,2012-07-13 00:00:00,59.0
854,2012-07-16 00:00:00,73.0
855,2012-07-17 00:00:00,79.0
856,2012-07-18 00:00:00,72.0
857,2012-07-19 00:00:00,53.0
858,2012-07-20 00:00:00,61.0
859,2012-07-21 00:00:00,69.0
860,2012-07-22 00:00:00,55.0
861,2012-07-23 00:00:00,64.0
862,2012-07-24 00:00:00,73.0
863,2012-07-25 00:00:00,62.0
864,2012-07-26 00:00:00,72.0
865,2012-07-27 00:00:00,82.0
866,2012-07-28 00:00:00,51.0
867,2012-07-29 00:00:00,59.0
868,2012-07-30 00:00:00,57.0
869,2012-07-31 00:00:00,76.0
870,2012-08-01 00:00:00,62.0
871,2012-08-02 00:00:00,78.0
872,2012-08-03 00:00:00,73.0
873,2012-08-04 00:00:00,41.0
874,2012-08-05 00:00:00,57.0
875,2012-08-06 00:00:00,59.0
876,2012-08-07 00:00:00,82.0
877,2012-08-09 00:00:00,73.0
878,2012-08-10 00:00:00,52.0
879,2012-08-11 00:00:00,54.0
880,2012-08-12 00:00:00,58.0
881,2012-08-13 00:00:00,78.0
882,2012-08-14 00:00:00,56.0
883,2012-08-15 00:00:00,68.0
884,2012-08-16 00:00:00,57.0
885,2012-08-17 00:00:00,69.0
886,2012-08-18 00:00:00,62.0
887,2012-08-19 00:00:00,61.0
888,2012-08-20 00:00:00,85.0
889,2012-08-21 00:00:00,77.0
890,2012-08-22 00:00:00,84.0
891,2012-08-23 00:00:00,73.0
892,2012-08-24 00:00:00,81.0
893,2012-08-25 00:00:00,72.0
894,2012-08-26 00:00:00,53.0
895,2012-08-27 00:00:00,74.0
896,2012-08-28 00:00:00,91.0
897,2012-08-29 00:00:00,67.0
898,2012-08-30 00:00:00,82.0
899,2012-08-31 00:00:00,66.0
900,2012-09-01 00:00:00,47.0
901,2012-09-02 00:00:00,58.0
902,2012-09-03 00:00:00,69.0
903,2012-09-04 00:00:00,70.0
904,2012-09-05 00:00:00,75.0
905,2012-09-06 00:00:00,107.0
906,2012-09-07 00:00:00,77.0
907,2012-09-08 00:00:00,52.0
908,2012-09-09 00:00:00,59.0
909,2012-09-10 00:00:00,55.0
910,2012-09-11 00:00:00,77.0
911,2012-09-12 00:00:00,87.0
912,2012-09-13 00:00:00,81.0
913,2012-09-14 00:00:00,61.0
914,2012-09-15 00:00:00,69.0
915,2012-09-16 00:00:00,66.0
916,2012-09-17 00:00:00,67.0
917,2012-09-18 00:00:00,81.0
918,2012-09-19 00:00:00,110.0
919,2012-09-20 00:00:00,112.0
920,2012-09-21 00:00:00,88.0
921,2012-09-22 00:00:00,66.0
922,2012-09-23 00:00:00,51.0
923,2012-09-24 00:00:00,77.0
924,2012-09-25 00:00:00,87.0
925,2012-09-26 00:00:00,95.0
926,2012-09-27 00:00:00,95.0
927,2012-09-28 00:00:00,81.0
928,2012-09-29 00:00:00,57.0
929,2012-09-30 00:00:00,65.0
930,2012-10-01 00:00:00,97.0
931,2012-10-02 00:00:00,90.0
932,2012-10-03 00:00:00,72.0
933,2012-10-04 00:00:00,103.0
934,2012-10-05 00:00:00,77.0
935,2012-10-06 00:00:00,70.0
936,2012-10-07 00:00:00,68.0
937,2012-10-08 00:00:00,89.0
938,2012-10-09 00:00:00,107.0
939,2012-10-10 00:00:00,91.0
940,2012-10-11 00:00:00,98.0
941,2012-10-12 00:00:00,108.0
942,2012-10-13 00:00:00,77.0
943,2012-10-14 00:00:00,71.0
944,2012-10-15 00:00:00,84.0
945,2012-10-16 00:00:00,107.0
946,2012-10-17 00:00:00,98.0
947,2012-10-18 00:00:00,94.0
948,2012-10-19 00:00:00,84.0
949,2012-10-20 00:00:00,71.0
950,2012-10-21 00:00:00,85.0
951,2012-10-22 00:00:00,107.0
952,2012-10-23 00:00:00,89.0
953,2012-10-24 00:00:00,86.0
954,2012-10-25 00:00:00,106.0
955,2012-10-26 00:00:00,90.0
956,2012-10-27 00:00:00,74.0
957,2012-10-28 00:00:00,70.0
958,2012-10-29 00:00:00,84.0
959,2012-10-30 00:00:00,91.0
960,2012-10-31 00:00:00,102.0
961,2012-11-01 00:00:00,87.0
962,2012-11-02 00:00:00,97.0
963,2012-11-03 00:00:00,80.0
964,2012-11-04 00:00:00,73.0
965,2012-11-05 00:00:00,91.0
966,2012-11-06 00:00:00,77.0
967,2012-11-07 00:00:00,96.0
968,2012-11-08 00:00:00,99.0
969,2012-11-09 00:00:00,97.0
970,2012-11-10 00:00:00,94.0
971,2012-11-11 00:00:00,79.0
972,2012-11-12 00:00:00,107.0
973,2012-11-13 00:00:00,88.0
974,2012-11-14 00:00:00,91.0
975,2012-11-15 00:00:00,107.0
976,2012-11-16 00:00:00,106.0
977,2012-11-17 00:00:00,92.0
978,2012-11-18 00:00:00,74.0
979,2012-11-19 00:00:00,76.0
980,2012-11-20 00:00:00,91.0
981,2012-11-21 00:00:00,119.0
982,2012-11-22 00:00:00,92.0
983,2012-11-23 00:00:00,79.0
984,2012-11-24 00:00:00,76.0
985,2012-11-25 00:00:00,81.0
986,2012-11-26 00:00:00,103.0
987,2012-11-27 00:00:00,98.0
988,2012-11-28 00:00:00,93.0
989,2012-11-29 00:00:00,101.0
990,2012-11-30 00:00:00,89.0
991,2012-12-01 00:00:00,76.0
992,2012-12-02 00:00:00,74.0
993,2012-12-03 00:00:00,104.0
994,2012-12-04 00:00:00,133.0
995,2012-12-05 00:00:00,112.0
996,2012-12-06 00:00:00,80.0
997,2012-12-07 00:00:00,90.0
998,2012-12-08 00:00:00,78.0
999,2012-12-09 00:00:00,75.0
1000,2012-12-10 00:00:00,88.0
1001,2012-12-11 00:00:00,97.0
1002,2012-12-12 00:00:00,71.0
1003,2012-12-13 00:00:00,96.0
1004,2012-12-14 00:00:00,86.0
1005,2012-12-15 00:00:00,81.0
1006,2012-12-16 00:00:00,82.0
1007,2012-12-17 00:00:00,87.0
1008,2012-12-18 00:00:00,99.0
1009,2012-12-19 00:00:00,91.0
1010,2012-12-20 00:00:00,73.0
1011,2012-12-21 00:00:00,76.0
1012,2012-12-22 00:00:00,60.0
1013,2012-12-23 00:00:00,50.0
1014,2012-12-24 00:00:00,53.0
1015,2012-12-25 00:00:00,51.0
1016,2012-12-26 00:00:00,47.0
1017,2012-12-27 00:00:00,95.0
1018,2012-12-28 00:00:00,69.0
1019,2012-12-29 00:00:00,62.0
1020,2012-12-30 00:00:00,55.0
1021,2012-12-31 00:00:00,57.0
1022,2013-01-01 00:00:00,54.0
1023,2013-01-02 00:00:00,86.0
1024,2013-01-03 00:00:00,78.0
1025,2013-01-04 00:00:00,85.0
1026,2013-01-05 00:00:00,79.0
1027,2013-01-06 00:00:00,69.0
1028,2013-01-07 00:00:00,104.0
1029,2013-01-08 00:00:00,106.0
1030,2013-01-09 00:00:00,94.0
1031,2013-01-10 00:00:00,107.0
1032,2013-01-11 00:00:00,93.0
1033,2013-01-12 00:00:00,64.0
1034,2013-01-13 00:00:00,73.0
1035,2013-01-14 00:00:00,114.0
1036,2013-01-15 00:00:00,131.0
1037,2013-01-16 00:00:00,107.0
1038,2013-01-17 00:00:00,90.0
1039,2013-01-18 00:00:00,91.0
1040,2013-01-19 00:00:00,61.0
1041,2013-01-20 00:00:00,84.0
1042,2013-01-21 00:00:00,102.0
1043,2013-01-22 00:00:00,115.0
1044,2013-01-23 00:00:00,115.0
1045,2013-01-24 00:00:00,111.0
1046,2013-01-25 00:00:00,122.0
1047,2013-01-26 00:00:00,124.0
1048,2013-01-27 00:00:00,101.0
1049,2013-01-28 00:00:00,129.0
1050,2013-01-29 00:00:00,139.0
1051,2013-01-30 00:00:00,117.0
1052,2013-01-31 00:00:00,137.0
1053,2013-02-01 00:00:00,139.0
1054,2013-02-02 00:00:00,111.0
1055,2013-02-03 00:00:00,80.0
1056,2013-02-04 00:00:00,117.0
1057,2013-02-05 00:00:00,143.0
1058,2013-02-06 00:00:00,99.0
1059,2013-02-07 00:00:00,113.0
1060,2013-02-08 00:00:00,121.0
1061,2013-02-09 00:00:00,96.0
1062,2013-02-10 00:00:00,67.0
1063,2013-02-11 00:00:00,113.0
1064,2013-02-12 00:00:00,86.0
1065,2013-02-13 00:00:00,113.0
1066,2013-02-14 00:00:00,110.0
1067,2013-02-15 00:00:00,122.0
1068,2013-02-16 00:00:00,125.0
1069,2013-02-17 00:00:00,151.0
1070,2013-02-18 00:00:00,122.0
1071,2013-02-19 00:00:00,134.0
1072,2013-02-20 00:00:00,131.0
1073,2013-02-21 00:00:00,125.0
1074,2013-02-22 00:00:00,134.0
1075,2013-02-23 00:00:00,101.0
1076,2013-02-24 00:00:00,106.0
1077,2013-02-25 00:00:00,133.0
1078,2013-02-26 00:00:00,149.0
1079,2013-02-27 00:00:00,137.0
1080,2013-02-28 00:00:00,134.0
1081,2013-03-01 00:00:00,140.0
1082,2013-03-02 00:00:00,96.0
1083,2013-03-03 00:00:00,110.0
1084,2013-03-04 00:00:00,162.0
1085,2013-03-05 00:00:00,112.0
1086,2013-03-06 00:00:00,151.0
1087,2013-03-07 00:00:00,97.0
1088,2013-03-08 00:00:00,131.0
1089,2013-03-09 00:00:00,110.0
1090,2013-03-10 00:00:00,112.0
1091,2013-03-11 00:00:00,136.0
1092,2013-03-12 00:00:00,171.0
1093,2013-03-13 00:00:00,133.0
1094,2013-03-14 00:00:00,121.0
1095,2013-03-15 00:00:00,125.0
1096,2013-03-16 00:00:00,104.0
1097,2013-03-17 00:00:00,122.0
1098,2013-03-18 00:00:00,137.0
1099,2013-03-19 00:00:00,168.0
1100,2013-03-20 00:00:00,139.0
1101,2013-03-21 00:00:00,117.0
1102,2013-03-22 00:00:00,123.0
1103,2013-03-23 00:00:00,97.0
1104,2013-03-24 00:00:00,141.0
1105,2013-03-25 00:00:00,147.0
1106,2013-03-26 00:00:00,140.0
1107,2013-03-27 00:00:00,129.0
1108,2013-03-28 00:00:00,113.0
1109,2013-03-29 00:00:00,115.0
1110,2013-03-30 00:00:00,94.0
1111,2013-03-31 00:00:00,90.0
1112,2013-04-01 00:00:00,123.0
1113,2013-04-02 00:00:00,143.0
1114,2013-04-03 00:00:00,140.0
1115,2013-04-04 00:00:00,125.0
1116,2013-04-05 00:00:00,123.0
1117,2013-04-06 00:00:00,110.0
1118,2013-04-07 00:00:00,124.0
1119,2013-04-08 00:00:00,154.0
1120,2013-04-09 00:00:00,143.0
1121,2013-04-10 00:00:00,140.0
1122,2013-04-11 00:00:00,128.0
1123,2013-04-12 00:00:00,149.0
1124,2013-04-13 00:00:00,113.0
1125,2013-04-14 00:00:00,102.0
1126,2013-04-15 00:00:00,163.0
1127,2013-04-16 00:00:00,155.0
1128,2013-04-17 00:00:00,152.0
1129,2013-04-18 00:00:00,163.0
1130,2013-04-19 00:00:00,112.0
1131,2013-04-20 00:00:00,119.0
1132,2013-04-21 00:00:00,100.0
1133,2013-04-22 00:00:00,151.0
1134,2013-04-23 00:00:00,161.0
1135,2013-04-24 00:00:00,133.0
1136,2013-04-25 00:00:00,148.0
1137,2013-04-26 00:00:00,102.0
1138,2013-04-27 00:00:00,130.0
1139,2013-04-28 00:00:00,113.0
1140,2013-04-29 00:00:00,152.0
1141,2013-04-30 00:00:00,163.0
1142,2013-05-01 00:00:00,118.0
1143,2013-05-02 00:00:00,137.0
1144,2013-05-03 00:00:00,133.0
1145,2013-05-04 00:00:00,82.0
1146,2013-05-05 00:00:00,95.0
1147,2013-05-06 00:00:00,158.0
1148,2013-05-07 00:00:00,111.0
1149,2013-05-08 00:00:00,126.0
1150,2013-05-09 00:00:00,135.0
1151,2013-05-09 00:00:00,135.0
1152,2013-05-10 00:00:00,142.0
1153,2013-05-11 00:00:00,115.0
1154,2013-05-12 00:00:00,101.0
1155,2013-05-13 00:00:00,135.0
1156,2013-05-14 00:00:00,135.0
1157,2013-05-15 00:00:00,149.0
1158,2013-05-16 00:00:00,162.0
1159,2013-05-17 00:00:00,177.0
1160,2013-05-18 00:00:00,129.0
1161,2013-05-19 00:00:00,101.0
1162,2013-05-20 00:00:00,125.0
1163,2013-05-21 00:00:00,126.0
1164,2013-05-22 00:00:00,153.0
1165,2013-05-23 00:00:00,146.0
1166,2013-05-24 00:00:00,147.0
1167,2013-05-25 00:00:00,92.0
1168,2013-05-26 00:00:00,114.0
1169,2013-05-27 00:00:00,137.0
1170,2013-05-28 00:00:00,138.0
1171,2013-05-29 00:00:00,150.0
1172,2013-05-30 00:00:00,129.0
1173,2013-05-31 00:00:00,179.0
1174,2013-06-01 00:00:00,109.0
1175,2013-06-02 00:00:00,98.0
1176,2013-06-03 00:00:00,151.0
1177,2013-06-04 00:00:00,128.0
1178,2013-06-05 00:00:00,132.0
1179,2013-06-06 00:00:00,149.0
1180,2013-06-07 00:00:00,131.0
1181,2013-06-08 00:00:00,96.0
1182,2013-06-09 00:00:00,106.0
1183,2013-06-10 00:00:00,112.0
1184,2013-06-11 00:00:00,151.0
1185,2013-06-12 00:00:00,161.0
1186,2013-06-13 00:00:00,130.0
1187,2013-06-14 00:00:00,135.0
1188,2013-06-15 00:00:00,87.0
1189,2013-06-16 00:00:00,84.0
1190,2013-06-17 00:00:00,149.0
1191,2013-06-18 00:00:00,132.0
1192,2013-06-19 00:00:00,126.0
1193,2013-06-20 00:00:00,140.0
1194,2013-06-22 00:00:00,99.0
1195,2013-06-23 00:00:00,104.0
1196,2013-06-24 00:00:00,128.0
1197,2013-06-25 00:00:00,156.0
1198,2013-06-26 00:00:00,129.0
1199,2013-06-27 00:00:00,119.0
1200,2013-06-29 00:00:00,79.0
1201,2013-06-30 00:00:00,89.0
1202,2013-07-01 00:00:00,133.0
1203,2013-07-02 00:00:00,152.0
1204,2013-07-03 00:00:00,136.0
1205,2013-07-04 00:00:00,110.0
1206,2013-07-05 00:00:00,124.0
1207,2013-07-06 00:00:00,80.0
1208,2013-07-07 00:00:00,111.0
1209,2013-07-08 00:00:00,136.0
1210,2013-07-09 00:00:00,172.0
1211,2013-07-10 00:00:00,134.0
1212,2013-07-12 00:00:00,127.0
1213,2013-07-13 00:00:00,94.0
1214,2013-07-15 00:00:00,98.0
1215,2013-07-16 00:00:00,114.0
1216,2013-07-17 00:00:00,128.0
1217,2013-07-18 00:00:00,144.0
1218,2013-07-19 00:00:00,131.0
1219,2013-07-20 00:00:00,82.0
1220,2013-07-21 00:00:00,80.0
1221,2013-07-22 00:00:00,144.0
1222,2013-07-23 00:00:00,126.0
1223,2013-07-24 00:00:00,145.0
1224,2013-07-25 00:00:00,126.0
1225,2013-07-26 00:00:00,119.0
1226,2013-07-28 00:00:00,98.0
1227,2013-07-29 00:00:00,134.0
1228,2013-07-30 00:00:00,148.0
1229,2013-07-31 00:00:00,140.0
1230,2013-08-01 00:00:00,154.0
1231,2013-08-02 00:00:00,160.0
1232,2013-08-03 00:00:00,110.0
1233,2013-08-04 00:00:00,138.0
1234,2013-08-05 00:00:00,123.0
1235,2013-08-06 00:00:00,116.0
1236,2013-08-07 00:00:00,131.0
1237,2013-08-08 00:00:00,136.0
1238,2013-08-09 00:00:00,127.0
1239,2013-08-10 00:00:00,87.0
1240,2013-08-11 00:00:00,100.0
1241,2013-08-12 00:00:00,115.0
1242,2013-08-13 00:00:00,135.0
1243,2013-08-14 00:00:00,123.0
1244,2013-08-15 00:00:00,123.0
1245,2013-08-16 00:00:00,123.0
1246,2013-08-17 00:00:00,100.0
1247,2013-08-18 00:00:00,114.0
1248,2013-08-19 00:00:00,126.0
1249,2013-08-20 00:00:00,121.0
1250,2013-08-23 00:00:00,131.0
1251,2013-08-24 00:00:00,122.0
1252,2013-08-25 00:00:00,121.0
1253,2013-08-26 00:00:00,122.0
1254,2013-08-27 00:00:00,154.0
1255,2013-08-28 00:00:00,146.0
1256,2013-08-30 00:00:00,114.0
1257,2013-08-31 00:00:00,113.0
1258,2013-09-01 00:00:00,86.0
1259,2013-09-02 00:00:00,119.0
1260,2013-09-03 00:00:00,156.0
1261,2013-09-04 00:00:00,168.0
1262,2013-09-05 00:00:00,128.0
1263,2013-09-06 00:00:00,129.0
1264,2013-09-07 00:00:00,108.0
1265,2013-09-08 00:00:00,120.0
1266,2013-09-09 00:00:00,137.0
1267,2013-09-10 00:00:00,138.0
1268,2013-09-11 00:00:00,146.0
1269,2013-09-12 00:00:00,150.0
1270,2013-09-13 00:00:00,146.0
1271,2013-09-14 00:00:00,87.0
1272,2013-09-15 00:00:00,104.0
1273,2013-09-16 00:00:00,171.0
1274,2013-09-17 00:00:00,174.0
1275,2013-09-18 00:00:00,180.0
1276,2013-09-19 00:00:00,141.0
1277,2013-09-20 00:00:00,131.0
1278,2013-09-21 00:00:00,103.0
1279,2013-09-22 00:00:00,115.0
1280,2013-09-23 00:00:00,132.0
1281,2013-09-24 00:00:00,169.0
1282,2013-09-25 00:00:00,175.0
1283,2013-09-26 00:00:00,167.0
1284,2013-09-27 00:00:00,148.0
1285,2013-09-28 00:00:00,116.0
1286,2013-09-29 00:00:00,117.0
1287,2013-09-30 00:00:00,167.0
1288,2013-10-01 00:00:00,147.0
1289,2013-10-02 00:00:00,169.0
1290,2013-10-03 00:00:00,138.0
1291,2013-10-04 00:00:00,124.0
1292,2013-10-05 00:00:00,115.0
1293,2013-10-06 00:00:00,110.0
1294,2013-10-07 00:00:00,150.0
1295,2013-10-08 00:00:00,175.0
1296,2013-10-09 00:00:00,166.0
1297,2013-10-10 00:00:00,165.0
1298,2013-10-11 00:00:00,164.0
1299,2013-10-12 00:00:00,110.0
1300,2013-10-13 00:00:00,112.0
1301,2013-10-14 00:00:00,172.0
1302,2013-10-15 00:00:00,175.0
1303,2013-10-16 00:00:00,189.0
1304,2013-10-17 00:00:00,152.0
1305,2013-10-18 00:00:00,129.0
1306,2013-10-19 00:00:00,130.0
1307,2013-10-20 00:00:00,119.0
1308,2013-10-21 00:00:00,179.0
1309,2013-10-22 00:00:00,190.0
1310,2013-10-23 00:00:00,168.0
1311,2013-10-24 00:00:00,155.0
1312,2013-10-25 00:00:00,188.0
1313,2013-10-26 00:00:00,110.0
1314,2013-10-27 00:00:00,144.0
1315,2013-10-28 00:00:00,183.0
1316,2013-10-29 00:00:00,196.0
1317,2013-10-30 00:00:00,175.0
1318,2013-10-31 00:00:00,162.0
1319,2013-11-02 00:00:00,114.0
1320,2013-11-03 00:00:00,120.0
1321,2013-11-04 00:00:00,160.0
1322,2013-11-05 00:00:00,166.0
1323,2013-11-06 00:00:00,207.0
1324,2013-11-07 00:00:00,183.0
1325,2013-11-08 00:00:00,164.0
1326,2013-11-09 00:00:00,129.0
1327,2013-11-10 00:00:00,161.0
1328,2013-11-11 00:00:00,193.0
1329,2013-11-12 00:00:00,193.0
1330,2013-11-13 00:00:00,169.0
1331,2013-11-14 00:00:00,170.0
1332,2013-11-16 00:00:00,124.0
1333,2013-11-17 00:00:00,139.0
1334,2013-11-18 00:00:00,183.0
1335,2013-11-19 00:00:00,181.0
1336,2013-11-20 00:00:00,182.0
1337,2013-11-21 00:00:00,179.0
1338,2013-11-22 00:00:00,162.0
1339,2013-11-23 00:00:00,156.0
1340,2013-11-24 00:00:00,114.0
1341,2013-11-25 00:00:00,214.0
1342,2013-11-26 00:00:00,199.0
1343,2013-11-27 00:00:00,152.0
1344,2013-11-28 00:00:00,173.0
1345,2013-11-29 00:00:00,167.0
1346,2013-11-30 00:00:00,117.0
1347,2013-12-01 00:00:00,124.0
1348,2013-12-02 00:00:00,169.0
1349,2013-12-03 00:00:00,169.0
1350,2013-12-04 00:00:00,170.0
1351,2013-12-05 00:00:00,192.0
1352,2013-12-06 00:00:00,194.0
1353,2013-12-07 00:00:00,128.0
1354,2013-12-08 00:00:00,129.0
1355,2013-12-09 00:00:00,166.0
1356,2013-12-10 00:00:00,166.0
1357,2013-12-11 00:00:00,185.0
1358,2013-12-12 00:00:00,180.0
1359,2013-12-13 00:00:00,152.0
1360,2013-12-14 00:00:00,156.0
1361,2013-12-15 00:00:00,113.0
1362,2013-12-16 00:00:00,174.0
1363,2013-12-17 00:00:00,184.0
1364,2013-12-18 00:00:00,188.0
1365,2013-12-19 00:00:00,161.0
1366,2013-12-20 00:00:00,144.0
1367,2013-12-21 00:00:00,106.0
1368,2013-12-24 00:00:00,107.0
1369,2013-12-26 00:00:00,126.0
1370,2013-12-27 00:00:00,137.0
1371,2013-12-28 00:00:00,109.0
1372,2013-12-29 00:00:00,109.0
1373,2013-12-30 00:00:00,133.0
1374,2013-12-31 00:00:00,121.0
1375,2014-01-01 00:00:00,92.0
1376,2014-01-02 00:00:00,145.0
1377,2014-01-03 00:00:00,145.0
1378,2014-01-04 00:00:00,139.0
1379,2014-01-05 00:00:00,117.0
1380,2014-01-06 00:00:00,178.0
1381,2014-01-07 00:00:00,167.0
1382,2014-01-08 00:00:00,193.0
1383,2014-01-09 00:00:00,159.0
1384,2014-01-11 00:00:00,146.0
1385,2014-01-12 00:00:00,142.0
1386,2014-01-14 00:00:00,219.0
1387,2014-01-15 00:00:00,178.0
1388,2014-01-16 00:00:00,178.0
1389,2014-01-17 00:00:00,200.0
1390,2014-01-18 00:00:00,150.0
1391,2014-01-19 00:00:00,156.0
1392,2014-01-20 00:00:00,170.0
1393,2014-01-22 00:00:00,193.0
1394,2014-01-23 00:00:00,217.0
1395,2014-01-24 00:00:00,252.0
1396,2014-01-25 00:00:00,260.0
1397,2014-01-26 00:00:00,180.0
1398,2014-01-27 00:00:00,191.0
1399,2014-01-28 00:00:00,226.0
1400,2014-01-29 00:00:00,218.0
1401,2014-01-30 00:00:00,170.0
1402,2014-01-31 00:00:00,180.0
1403,2014-02-02 00:00:00,165.0
1404,2014-02-03 00:00:00,178.0
1405,2014-02-04 00:00:00,188.0
1406,2014-02-05 00:00:00,173.0
1407,2014-02-06 00:00:00,182.0
1408,2014-02-07 00:00:00,218.0
1409,2014-02-08 00:00:00,155.0
1410,2014-02-09 00:00:00,176.0
1411,2014-02-10 00:00:00,210.0
1412,2014-02-11 00:00:00,226.0
1413,2014-02-15 00:00:00,159.0
1414,2014-02-16 00:00:00,164.0
1415,2014-02-17 00:00:00,210.0
1416,2014-02-18 00:00:00,236.0
1417,2014-02-19 00:00:00,202.0
1418,2014-02-20 00:00:00,187.0
1419,2014-02-21 00:00:00,183.0
1420,2014-02-22 00:00:00,159.0
1421,2014-02-23 00:00:00,172.0
1422,2014-02-24 00:00:00,240.0
1423,2014-02-25 00:00:00,208.0
1424,2014-02-26 00:00:00,228.0
1425,2014-02-27 00:00:00,240.0
1426,2014-02-28 00:00:00,212.0
1427,2014-03-01 00:00:00,160.0
1428,2014-03-02 00:00:00,172.0
1429,2014-03-03 00:00:00,239.0
1430,2014-03-04 00:00:00,240.0
1431,2014-03-05 00:00:00,256.0
1432,2014-03-06 00:00:00,234.0
1433,2014-03-07 00:00:00,228.0
1434,2014-03-08 00:00:00,171.0
1435,2014-03-09 00:00:00,187.0
1436,2014-03-10 00:00:00,239.0
1437,2014-03-11 00:00:00,276.0
1438,2014-03-13 00:00:00,248.0
1439,2014-03-14 00:00:00,233.0
1440,2014-03-15 00:00:00,173.0
1441,2014-03-16 00:00:00,190.0
1442,2014-03-17 00:00:00,221.0
1443,2014-03-18 00:00:00,265.0
1444,2014-03-19 00:00:00,217.0
1445,2014-03-20 00:00:00,240.0
1446,2014-03-21 00:00:00,236.0
1447,2014-03-22 00:00:00,193.0
1448,2014-03-23 00:00:00,194.0
1449,2014-03-24 00:00:00,196.0
1450,2014-03-26 00:00:00,240.0
1451,2014-03-27 00:00:00,268.0
1452,2014-03-28 00:00:00,219.0
1453,2014-03-29 00:00:00,180.0
1454,2014-03-30 00:00:00,164.0
1455,2014-03-31 00:00:00,224.0
1456,2014-04-01 00:00:00,247.0
1457,2014-04-02 00:00:00,244.0
1458,2014-04-03 00:00:00,243.0
1459,2014-04-04 00:00:00,193.0
1460,2014-04-05 00:00:00,155.0
1461,2014-04-06 00:00:00,135.0
1462,2014-04-07 00:00:00,216.0
1463,2014-04-08 00:00:00,243.0
1464,2014-04-09 00:00:00,227.0
1465,2014-04-10 00:00:00,249.0
1466,2014-04-11 00:00:00,223.0
1467,2014-04-12 00:00:00,184.0
1468,2014-04-13 00:00:00,190.0
1469,2014-04-14 00:00:00,230.0
1470,2014-04-15 00:00:00,260.0
1471,2014-04-16 00:00:00,225.0
1472,2014-04-17 00:00:00,208.0
1473,2014-04-18 00:00:00,180.0
1474,2014-04-19 00:00:00,148.0
1475,2014-04-20 00:00:00,146.0
1476,2014-04-21 00:00:00,211.0
1477,2014-04-22 00:00:00,265.0
1478,2014-04-23 00:00:00,223.0
1479,2014-04-24 00:00:00,221.0
1480,2014-04-25 00:00:00,236.0
1481,2014-04-26 00:00:00,227.0
1482,2014-04-27 00:00:00,201.0
1483,2014-04-28 00:00:00,212.0
1484,2014-04-29 00:00:00,247.0
1485,2014-04-30 00:00:00,253.0
1486,2014-05-01 00:00:00,225.0
1487,2014-05-02 00:00:00,204.0
1488,2014-05-03 00:00:00,182.0
1489,2014-05-04 00:00:00,182.0
1490,2014-05-05 00:00:00,224.0
1491,2014-05-06 00:00:00,252.0
1492,2014-05-07 00:00:00,246.0
1493,2014-05-08 00:00:00,250.0
1494,2014-05-09 00:00:00,266.0
1495,2014-05-10 00:00:00,169.0
1496,2014-05-11 00:00:00,190.0
1497,2014-05-12 00:00:00,229.0
1498,2014-05-13 00:00:00,238.0
1499,2014-05-14 00:00:00,238.0
1500,2014-05-15 00:00:00,263.0
1501,2014-05-16 00:00:00,226.0
1502,2014-05-17 00:00:00,161.0
1503,2014-05-18 00:00:00,174.0
1504,2014-05-19 00:00:00,276.0
1505,2014-05-20 00:00:00,267.0
1506,2014-05-21 00:00:00,215.0
1507,2014-05-22 00:00:00,232.0
1508,2014-05-23 00:00:00,204.0
1509,2014-05-24 00:00:00,177.0
1510,2014-05-25 00:00:00,156.0
1511,2014-05-26 00:00:00,212.0
1512,2014-05-27 00:00:00,231.0
1513,2014-05-28 00:00:00,244.0
1514,2014-05-29 00:00:00,250.0
1515,2014-05-30 00:00:00,251.0
1516,2014-05-31 00:00:00,169.0
1517,2014-06-01 00:00:00,191.0
1518,2014-06-02 00:00:00,204.0
1519,2014-06-03 00:00:00,231.0
1520,2014-06-04 00:00:00,222.0
1521,2014-06-05 00:00:00,236.0
1522,2014-06-06 00:00:00,209.0
1523,2014-06-07 00:00:00,153.0
1524,2014-06-08 00:00:00,159.0
1525,2014-06-09 00:00:00,231.0
1526,2014-06-10 00:00:00,251.0
1527,2014-06-11 00:00:00,235.0
1528,2014-06-12 00:00:00,228.0
1529,2014-06-13 00:00:00,215.0
1530,2014-06-14 00:00:00,161.0
1531,2014-06-15 00:00:00,161.0
1532,2014-06-16 00:00:00,215.0
1533,2014-06-17 00:00:00,247.0
1534,2014-06-18 00:00:00,248.0
1535,2014-06-19 00:00:00,231.0
1536,2014-06-21 00:00:00,166.0
1537,2014-06-22 00:00:00,169.0
1538,2014-06-23 00:00:00,244.0
1539,2014-06-24 00:00:00,216.0
1540,2014-06-25 00:00:00,240.0
1541,2014-06-26 00:00:00,257.0
1542,2014-06-27 00:00:00,178.0
1543,2014-06-28 00:00:00,133.0
1544,2014-06-29 00:00:00,167.0
1545,2014-06-30 00:00:00,230.0
1546,2014-07-01 00:00:00,240.0
1547,2014-07-02 00:00:00,261.0
1548,2014-07-03 00:00:00,247.0
1549,2014-07-04 00:00:00,234.0
1550,2014-07-05 00:00:00,142.0
1551,2014-07-06 00:00:00,202.0
1552,2014-07-07 00:00:00,269.0
1553,2014-07-08 00:00:00,247.0
1554,2014-07-09 00:00:00,244.0
1555,2014-07-10 00:00:00,235.0
1556,2014-07-11 00:00:00,228.0
1557,2014-07-12 00:00:00,167.0
1558,2014-07-13 00:00:00,183.0
1559,2014-07-14 00:00:00,230.0
1560,2014-07-15 00:00:00,242.0
1561,2014-07-17 00:00:00,222.0
1562,2014-07-18 00:00:00,232.0
1563,2014-07-19 00:00:00,168.0
1564,2014-07-20 00:00:00,147.0
1565,2014-07-21 00:00:00,230.0
1566,2014-07-22 00:00:00,253.0
1567,2014-07-23 00:00:00,240.0
1568,2014-07-24 00:00:00,244.0
1569,2014-07-26 00:00:00,191.0
1570,2014-07-28 00:00:00,232.0
1571,2014-07-29 00:00:00,250.0
1572,2014-07-30 00:00:00,247.0
1573,2014-07-31 00:00:00,224.0
1574,2014-08-01 00:00:00,210.0
1575,2014-08-02 00:00:00,185.0
1576,2014-08-03 00:00:00,191.0
1577,2014-08-04 00:00:00,220.0
1578,2014-08-05 00:00:00,243.0
1579,2014-08-06 00:00:00,243.0
1580,2014-08-07 00:00:00,293.0
1581,2014-08-08 00:00:00,210.0
1582,2014-08-09 00:00:00,174.0
1583,2014-08-10 00:00:00,173.0
1584,2014-08-11 00:00:00,242.0
1585,2014-08-12 00:00:00,248.0
1586,2014-08-13 00:00:00,257.0
1587,2014-08-14 00:00:00,230.0
1588,2014-08-15 00:00:00,228.0
1589,2014-08-16 00:00:00,176.0
1590,2014-08-17 00:00:00,184.0
1591,2014-08-18 00:00:00,216.0
1592,2014-08-19 00:00:00,268.0
1593,2014-08-20 00:00:00,228.0
1594,2014-08-21 00:00:00,205.0
1595,2014-08-22 00:00:00,203.0
1596,2014-08-23 00:00:00,244.0
1597,2014-08-24 00:00:00,194.0
1598,2014-08-25 00:00:00,265.0
1599,2014-08-26 00:00:00,274.0
1600,2014-08-27 00:00:00,247.0
1601,2014-08-28 00:00:00,259.0
1602,2014-08-29 00:00:00,275.0
1603,2014-08-30 00:00:00,194.0
1604,2014-08-31 00:00:00,165.0
1605,2014-09-01 00:00:00,243.0
1606,2014-09-02 00:00:00,252.0
1607,2014-09-03 00:00:00,327.0
1608,2014-09-04 00:00:00,261.0
1609,2014-09-05 00:00:00,274.0
1610,2014-09-06 00:00:00,201.0
1611,2014-09-07 00:00:00,211.0
1612,2014-09-08 00:00:00,269.0
1613,2014-09-09 00:00:00,312.0
1614,2014-09-10 00:00:00,321.0
1615,2014-09-11 00:00:00,341.0
1616,2014-09-12 00:00:00,245.0
1617,2014-09-13 00:00:00,208.0
1618,2014-09-14 00:00:00,206.0
1619,2014-09-15 00:00:00,324.0
1620,2014-09-16 00:00:00,342.0
1621,2014-09-17 00:00:00,344.0
1622,2014-09-18 00:00:00,305.0
1623,2014-09-20 00:00:00,197.0
1624,2014-09-21 00:00:00,255.0
1625,2014-09-22 00:00:00,316.0
1626,2014-09-23 00:00:00,316.0
1627,2014-09-24 00:00:00,319.0
1628,2014-09-25 00:00:00,331.0
1629,2014-09-26 00:00:00,306.0
1630,2014-09-27 00:00:00,262.0
1631,2014-09-28 00:00:00,297.0
1632,2014-09-29 00:00:00,366.0
1633,2014-09-30 00:00:00,325.0
1634,2014-10-01 00:00:00,338.0
1635,2014-10-02 00:00:00,298.0
1636,2014-10-03 00:00:00,340.0
1637,2014-10-04 00:00:00,242.0
1638,2014-10-05 00:00:00,207.0
1639,2014-10-06 00:00:00,285.0
1640,2014-10-07 00:00:00,314.0
1641,2014-10-08 00:00:00,347.0
1642,2014-10-09 00:00:00,366.0
1643,2014-10-10 00:00:00,300.0
1644,2014-10-11 00:00:00,242.0
1645,2014-10-12 00:00:00,213.0
1646,2014-10-13 00:00:00,329.0
1647,2014-10-14 00:00:00,371.0
1648,2014-10-15 00:00:00,386.0
1649,2014-10-16 00:00:00,307.0
1650,2014-10-17 00:00:00,327.0
1651,2014-10-18 00:00:00,240.0
1652,2014-10-19 00:00:00,234.0
1653,2014-10-20 00:00:00,352.0
1654,2014-10-21 00:00:00,332.0
1655,2014-10-22 00:00:00,354.0
1656,2014-10-23 00:00:00,326.0
1657,2014-10-24 00:00:00,336.0
1658,2014-10-27 00:00:00,350.0
1659,2014-10-28 00:00:00,370.0
1660,2014-10-29 00:00:00,368.0
1661,2014-10-30 00:00:00,327.0
1662,2014-10-31 00:00:00,309.0
1663,2014-11-01 00:00:00,225.0
1664,2014-11-02 00:00:00,220.0
1665,2014-11-03 00:00:00,374.0
1666,2014-11-04 00:00:00,359.0
1667,2014-11-05 00:00:00,365.0
1668,2014-11-06 00:00:00,367.0
1669,2014-11-07 00:00:00,336.0
1670,2014-11-08 00:00:00,282.0
1671,2014-11-09 00:00:00,330.0
1672,2014-11-10 00:00:00,353.0
1673,2014-11-11 00:00:00,350.0
1674,2014-11-12 00:00:00,363.0
1675,2014-11-13 00:00:00,378.0
1676,2014-11-14 00:00:00,429.0
1677,2014-11-15 00:00:00,316.0
1678,2014-11-16 00:00:00,277.0
1679,2014-11-17 00:00:00,379.0
1680,2014-11-18 00:00:00,367.0
1681,2014-11-19 00:00:00,390.0
1682,2014-11-20 00:00:00,366.0
1683,2014-11-21 00:00:00,355.0
1684,2014-11-22 00:00:00,267.0
1685,2014-11-23 00:00:00,294.0
1686,2014-11-24 00:00:00,385.0
1687,2014-11-25 00:00:00,367.0
1688,2014-11-26 00:00:00,365.0
1689,2014-11-27 00:00:00,297.0
1690,2014-11-28 00:00:00,285.0
1691,2014-11-29 00:00:00,269.0
1692,2014-11-30 00:00:00,232.0
1693,2014-12-01 00:00:00,340.0
1694,2014-12-02 00:00:00,346.0
1695,2014-12-03 00:00:00,328.0
1696,2014-12-04 00:00:00,323.0
1697,2014-12-05 00:00:00,332.0
1698,2014-12-06 00:00:00,326.0
1699,2014-12-07 00:00:00,306.0
1700,2014-12-08 00:00:00,391.0
1701,2014-12-09 00:00:00,363.0
1702,2014-12-10 00:00:00,414.0
1703,2014-12-11 00:00:00,343.0
1704,2014-12-12 00:00:00,365.0
1705,2014-12-13 00:00:00,242.0
1706,2014-12-14 00:00:00,284.0
1707,2014-12-15 00:00:00,338.0
1708,2014-12-16 00:00:00,323.0
1709,2014-12-17 00:00:00,366.0
1710,2014-12-18 00:00:00,311.0
1711,2014-12-19 00:00:00,300.0
1712,2014-12-20 00:00:00,234.0
1713,2014-12-21 00:00:00,240.0
1714,2014-12-22 00:00:00,279.0
1715,2014-12-23 00:00:00,272.0
1716,2014-12-24 00:00:00,198.0
1717,2014-12-25 00:00:00,184.0
1718,2014-12-26 00:00:00,275.0
1719,2014-12-27 00:00:00,231.0
1720,2014-12-28 00:00:00,224.0
1721,2014-12-29 00:00:00,280.0
1722,2014-12-30 00:00:00,296.0
1723,2014-12-31 00:00:00,229.0
1724,2015-01-01 00:00:00,172.0
1725,2015-01-02 00:00:00,280.0
1726,2015-01-03 00:00:00,249.0
1727,2015-01-04 00:00:00,236.0
1728,2015-01-05 00:00:00,300.0
1729,2015-01-06 00:00:00,351.0
1730,2015-01-07 00:00:00,301.0
1731,2015-01-08 00:00:00,366.0
1732,2015-01-09 00:00:00,337.0
1733,2015-01-10 00:00:00,275.0
1734,2015-01-11 00:00:00,311.0
1735,2015-01-12 00:00:00,391.0
1736,2015-01-13 00:00:00,405.0
1737,2015-01-14 00:00:00,399.0
1738,2015-01-15 00:00:00,394.0
1739,2015-01-16 00:00:00,357.0
1740,2015-01-17 00:00:00,341.0
1741,2015-01-18 00:00:00,311.0
1742,2015-01-19 00:00:00,357.0
1743,2015-01-20 00:00:00,477.0
1744,2015-01-21 00:00:00,413.0
1745,2015-01-22 00:00:00,415.0
1746,2015-01-23 00:00:00,539.0
1747,2015-01-24 00:00:00,506.0
1748,2015-01-25 00:00:00,297.0
1749,2015-01-26 00:00:00,420.0
1750,2015-01-27 00:00:00,443.0
1751,2015-01-28 00:00:00,417.0
1752,2015-01-29 00:00:00,401.0
1753,2015-01-30 00:00:00,399.0
1754,2015-01-31 00:00:00,287.0
1755,2015-02-01 00:00:00,324.0
1756,2015-02-02 00:00:00,410.0
1757,2015-02-03 00:00:00,451.0
1758,2015-02-04 00:00:00,446.0
1759,2015-02-05 00:00:00,467.0
1760,2015-02-06 00:00:00,408.0
1761,2015-02-07 00:00:00,340.0
1762,2015-02-08 00:00:00,328.0
1763,2015-02-09 00:00:00,436.0
1764,2015-02-10 00:00:00,436.0
1765,2015-02-11 00:00:00,447.0
1766,2015-02-12 00:00:00,475.0
1767,2015-02-13 00:00:00,374.0
1768,2015-02-14 00:00:00,275.0
1769,2015-02-15 00:00:00,320.0
1770,2015-02-16 00:00:00,358.0
1771,2015-02-17 00:00:00,347.0
1772,2015-02-18 00:00:00,326.0
1773,2015-02-20 00:00:00,375.0
1774,2015-02-22 00:00:00,362.0
1775,2015-02-23 00:00:00,431.0
1776,2015-02-24 00:00:00,508.0
1777,2015-02-25 00:00:00,453.0
1778,2015-02-26 00:00:00,431.0
1779,2015-02-27 00:00:00,434.0
1780,2015-02-28 00:00:00,331.0
1781,2015-03-01 00:00:00,325.0
1782,2015-03-02 00:00:00,474.0
1783,2015-03-03 00:00:00,458.0
1784,2015-03-04 00:00:00,498.0
1785,2015-03-05 00:00:00,448.0
1786,2015-03-06 00:00:00,439.0
1787,2015-03-07 00:00:00,340.0
1788,2015-03-08 00:00:00,339.0
1789,2015-03-09 00:00:00,516.0
1790,2015-03-10 00:00:00,476.0
1791,2015-03-11 00:00:00,494.0
1792,2015-03-12 00:00:00,574.0
1793,2015-03-13 00:00:00,1425.0
1794,2015-03-14 00:00:00,834.0
1795,2015-03-15 00:00:00,689.0
1796,2015-03-16 00:00:00,931.0
1797,2015-03-17 00:00:00,688.0
1798,2015-03-18 00:00:00,633.0
1799,2015-03-19 00:00:00,553.0
1800,2015-03-20 00:00:00,629.0
1801,2015-03-21 00:00:00,548.0
1802,2015-03-22 00:00:00,528.0
1803,2015-03-23 00:00:00,598.0
1804,2015-03-24 00:00:00,638.0
1805,2015-03-25 00:00:00,660.0
1806,2015-03-26 00:00:00,595.0
1807,2015-03-27 00:00:00,545.0
1808,2015-03-28 00:00:00,429.0
1809,2015-03-29 00:00:00,498.0
1810,2015-03-30 00:00:00,612.0
1811,2015-03-31 00:00:00,563.0
1812,2015-04-01 00:00:00,500.0
1813,2015-04-02 00:00:00,508.0
1814,2015-04-03 00:00:00,489.0
1815,2015-04-04 00:00:00,370.0
1816,2015-04-05 00:00:00,366.0
1817,2015-04-06 00:00:00,471.0
1818,2015-04-07 00:00:00,550.0
1819,2015-04-08 00:00:00,566.0
1820,2015-04-09 00:00:00,579.0
1821,2015-04-10 00:00:00,556.0
1822,2015-04-11 00:00:00,415.0
1823,2015-04-12 00:00:00,387.0
1824,2015-04-13 00:00:00,540.0
1825,2015-04-14 00:00:00,491.0
1826,2015-04-15 00:00:00,509.0
1827,2015-04-16 00:00:00,501.0
1828,2015-04-17 00:00:00,561.0
1829,2015-04-18 00:00:00,561.0
1830,2015-04-19 00:00:00,481.0
1831,2015-04-20 00:00:00,562.0
1832,2015-04-21 00:00:00,576.0
1833,2015-04-22 00:00:00,526.0
1834,2015-04-23 00:00:00,532.0
1835,2015-04-24 00:00:00,495.0
1836,2015-04-25 00:00:00,457.0
1837,2015-04-26 00:00:00,417.0
1838,2015-04-27 00:00:00,548.0
1839,2015-04-28 00:00:00,549.0
1840,2015-04-29 00:00:00,540.0
1841,2015-04-30 00:00:00,540.0
1842,2015-05-01 00:00:00,451.0
1843,2015-05-02 00:00:00,362.0
1844,2015-05-03 00:00:00,368.0
1845,2015-05-04 00:00:00,550.0
1846,2015-05-05 00:00:00,599.0
1847,2015-05-06 00:00:00,556.0
1848,2015-05-07 00:00:00,537.0
1849,2015-05-08 00:00:00,525.0
1850,2015-05-09 00:00:00,346.0
1851,2015-05-10 00:00:00,400.0
1852,2015-05-11 00:00:00,532.0
1853,2015-05-12 00:00:00,647.0
1854,2015-05-13 00:00:00,713.0
1855,2015-05-14 00:00:00,593.0
1856,2015-05-15 00:00:00,448.0
1857,2015-05-16 00:00:00,407.0
1858,2015-05-17 00:00:00,406.0
1859,2015-05-18 00:00:00,477.0
1860,2015-05-19 00:00:00,550.0
1861,2015-05-20 00:00:00,534.0
1862,2015-05-21 00:00:00,564.0
1863,2015-05-22 00:00:00,520.0
1864,2015-05-23 00:00:00,400.0
1865,2015-05-25 00:00:00,483.0
1866,2015-05-26 00:00:00,535.0
1867,2015-05-27 00:00:00,520.0
1868,2015-05-28 00:00:00,522.0
1869,2015-05-29 00:00:00,480.0
1870,2015-05-30 00:00:00,331.0
1871,2015-05-31 00:00:00,360.0
1872,2015-06-01 00:00:00,486.0
1873,2015-06-02 00:00:00,529.0
1874,2015-06-03 00:00:00,523.0
1875,2015-06-04 00:00:00,457.0
1876,2015-06-05 00:00:00,478.0
1877,2015-06-06 00:00:00,373.0
1878,2015-06-07 00:00:00,352.0
1879,2015-06-08 00:00:00,497.0
1880,2015-06-09 00:00:00,541.0
1881,2015-06-10 00:00:00,542.0
1882,2015-06-11 00:00:00,514.0
1883,2015-06-12 00:00:00,509.0
1884,2015-06-13 00:00:00,352.0
1885,2015-06-14 00:00:00,367.0
1886,2015-06-15 00:00:00,500.0
1887,2015-06-16 00:00:00,489.0
1888,2015-06-17 00:00:00,506.0
1889,2015-06-18 00:00:00,572.0
1890,2015-06-19 00:00:00,467.0
1891,2015-06-20 00:00:00,338.0
1892,2015-06-21 00:00:00,315.0
1893,2015-06-22 00:00:00,509.0
1894,2015-06-23 00:00:00,487.0
1895,2015-06-24 00:00:00,453.0
1896,2015-06-25 00:00:00,449.0
1897,2015-06-26 00:00:00,462.0
1898,2015-06-27 00:00:00,338.0
1899,2015-06-28 00:00:00,328.0
1900,2015-06-29 00:00:00,453.0
1901,2015-06-30 00:00:00,507.0
1902,2015-07-01 00:00:00,484.0
1903,2015-07-02 00:00:00,476.0
1904,2015-07-03 00:00:00,401.0
1905,2015-07-04 00:00:00,333.0
1906,2015-07-05 00:00:00,303.0
1907,2015-07-06 00:00:00,507.0
1908,2015-07-07 00:00:00,468.0
1909,2015-07-08 00:00:00,488.0
1910,2015-07-09 00:00:00,527.0
1911,2015-07-10 00:00:00,411.0
1912,2015-07-11 00:00:00,349.0
1913,2015-07-12 00:00:00,357.0
1914,2015-07-13 00:00:00,501.0
1915,2015-07-14 00:00:00,523.0
1916,2015-07-15 00:00:00,470.0
1917,2015-07-16 00:00:00,470.0
1918,2015-07-17 00:00:00,420.0
1919,2015-07-18 00:00:00,303.0
1920,2015-07-19 00:00:00,320.0
1921,2015-07-20 00:00:00,444.0
1922,2015-07-21 00:00:00,488.0
1923,2015-07-22 00:00:00,478.0
1924,2015-07-23 00:00:00,472.0
1925,2015-07-24 00:00:00,396.0
1926,2015-07-26 00:00:00,333.0
1927,2015-07-27 00:00:00,456.0
1928,2015-07-28 00:00:00,437.0
1929,2015-07-29 00:00:00,456.0
1930,2015-07-30 00:00:00,512.0
1931,2015-07-31 00:00:00,434.0
1932,2015-08-01 00:00:00,348.0
1933,2015-08-02 00:00:00,348.0
1934,2015-08-03 00:00:00,450.0
1935,2015-08-04 00:00:00,459.0
1936,2015-08-05 00:00:00,460.0
1937,2015-08-06 00:00:00,456.0
1938,2015-08-07 00:00:00,417.0
1939,2015-08-08 00:00:00,377.0
1940,2015-08-09 00:00:00,334.0
1941,2015-08-10 00:00:00,493.0
1942,2015-08-11 00:00:00,504.0
1943,2015-08-12 00:00:00,476.0
1944,2015-08-14 00:00:00,440.0
1945,2015-08-17 00:00:00,451.0
1946,2015-08-18 00:00:00,524.0
1947,2015-08-19 00:00:00,536.0
1948,2015-08-20 00:00:00,510.0
1949,2015-08-21 00:00:00,492.0
1950,2015-08-22 00:00:00,432.0
1951,2015-08-23 00:00:00,441.0
1952,2015-08-24 00:00:00,583.0
1953,2015-08-25 00:00:00,492.0
1954,2015-08-26 00:00:00,568.0
1955,2015-08-27 00:00:00,517.0
1956,2015-08-28 00:00:00,449.0
1957,2015-08-29 00:00:00,391.0
1958,2015-08-30 00:00:00,358.0
1959,2015-08-31 00:00:00,521.0
1960,2015-09-01 00:00:00,511.0
1961,2015-09-02 00:00:00,547.0
1962,2015-09-03 00:00:00,497.0
1963,2015-09-04 00:00:00,446.0
1964,2015-09-05 00:00:00,359.0
1965,2015-09-06 00:00:00,403.0
1966,2015-09-07 00:00:00,538.0
1967,2015-09-08 00:00:00,557.0
1968,2015-09-09 00:00:00,526.0
1969,2015-09-10 00:00:00,496.0
1970,2015-09-11 00:00:00,521.0
1971,2015-09-12 00:00:00,409.0
1972,2015-09-13 00:00:00,450.0
1973,2015-09-14 00:00:00,518.0
1974,2015-09-15 00:00:00,628.0
1975,2015-09-16 00:00:00,586.0
1976,2015-09-17 00:00:00,508.0
1977,2015-09-18 00:00:00,503.0
1978,2015-09-19 00:00:00,417.0
1979,2015-09-20 00:00:00,392.0
1980,2015-09-21 00:00:00,562.0
1981,2015-09-22 00:00:00,628.0
1982,2015-09-23 00:00:00,628.0
1983,2015-09-24 00:00:00,559.0
1984,2015-09-25 00:00:00,584.0
1985,2015-09-26 00:00:00,457.0
1986,2015-09-27 00:00:00,470.0
1987,2015-09-28 00:00:00,627.0
1988,2015-09-29 00:00:00,613.0
1989,2015-09-30 00:00:00,582.0
1990,2015-10-01 00:00:00,613.0
1991,2015-10-02 00:00:00,571.0
1992,2015-10-03 00:00:00,444.0
1993,2015-10-04 00:00:00,433.0
1994,2015-10-05 00:00:00,599.0
1995,2015-10-06 00:00:00,619.0
1996,2015-10-07 00:00:00,641.0
1997,2015-10-08 00:00:00,683.0
1998,2015-10-09 00:00:00,563.0
1999,2015-10-10 00:00:00,441.0
2000,2015-10-11 00:00:00,465.0
2001,2015-10-12 00:00:00,561.0
2002,2015-10-13 00:00:00,608.0
2003,2015-10-14 00:00:00,620.0
2004,2015-10-15 00:00:00,575.0
2005,2015-10-16 00:00:00,617.0
2006,2015-10-17 00:00:00,404.0
2007,2015-10-18 00:00:00,490.0
2008,2015-10-19 00:00:00,621.0
2009,2015-10-20 00:00:00,668.0
2010,2015-10-21 00:00:00,654.0
2011,2015-10-22 00:00:00,613.0
2012,2015-10-23 00:00:00,560.0
2013,2015-10-24 00:00:00,479.0
2014,2015-10-25 00:00:00,442.0
2015,2015-10-26 00:00:00,674.0
2016,2015-10-27 00:00:00,644.0
2017,2015-10-28 00:00:00,612.0
2018,2015-10-29 00:00:00,643.0
2019,2015-10-30 00:00:00,569.0
2020,2015-10-31 00:00:00,395.0
2021,2015-11-01 00:00:00,444.0
2022,2015-11-02 00:00:00,597.0
2023,2015-11-03 00:00:00,701.0
2024,2015-11-04 00:00:00,627.0
2025,2015-11-05 00:00:00,658.0
2026,2015-11-06 00:00:00,643.0
2027,2015-11-07 00:00:00,485.0
2028,2015-11-08 00:00:00,507.0
2029,2015-11-09 00:00:00,635.0
2030,2015-11-10 00:00:00,579.0
2031,2015-11-11 00:00:00,648.0
2032,2015-11-12 00:00:00,638.0
2033,2015-11-13 00:00:00,626.0
2034,2015-11-14 00:00:00,438.0
2035,2015-11-15 00:00:00,458.0
2036,2015-11-16 00:00:00,622.0
2037,2015-11-17 00:00:00,683.0
2038,2015-11-18 00:00:00,659.0
2039,2015-11-19 00:00:00,642.0
2040,2015-11-20 00:00:00,632.0
2041,2015-11-21 00:00:00,524.0
2042,2015-11-22 00:00:00,447.0
2043,2015-11-23 00:00:00,708.0
2044,2015-11-24 00:00:00,624.0
2045,2015-11-25 00:00:00,621.0
2046,2015-11-26 00:00:00,514.0
2047,2015-11-27 00:00:00,528.0
2048,2015-11-28 00:00:00,414.0
2049,2015-11-29 00:00:00,441.0
2050,2015-11-30 00:00:00,585.0
2051,2015-12-01 00:00:00,712.0
2052,2015-12-02 00:00:00,666.0
2053,2015-12-03 00:00:00,642.0
2054,2015-12-04 00:00:00,586.0
2055,2015-12-05 00:00:00,438.0
2056,2015-12-06 00:00:00,502.0
2057,2015-12-07 00:00:00,631.0
2058,2015-12-08 00:00:00,599.0
2059,2015-12-09 00:00:00,614.0
2060,2015-12-10 00:00:00,626.0
2061,2015-12-11 00:00:00,609.0
2062,2015-12-12 00:00:00,641.0
2063,2015-12-13 00:00:00,527.0
2064,2015-12-14 00:00:00,603.0
2065,2015-12-15 00:00:00,603.0
2066,2015-12-16 00:00:00,617.0
2067,2015-12-17 00:00:00,534.0
2068,2015-12-18 00:00:00,518.0
2069,2015-12-19 00:00:00,429.0
2070,2015-12-20 00:00:00,384.0
2071,2015-12-21 00:00:00,495.0
2072,2015-12-22 00:00:00,520.0
2073,2015-12-23 00:00:00,457.0
2074,2015-12-24 00:00:00,368.0
2075,2015-12-25 00:00:00,304.0
2076,2015-12-26 00:00:00,286.0
2077,2015-12-27 00:00:00,354.0
2078,2015-12-28 00:00:00,474.0
2079,2015-12-29 00:00:00,509.0
2080,2015-12-30 00:00:00,462.0
2081,2015-12-31 00:00:00,397.0
2082,2016-01-01 00:00:00,301.0
2083,2016-01-02 00:00:00,327.0
2084,2016-01-03 00:00:00,394.0
2085,2016-01-04 00:00:00,544.0
2086,2016-01-05 00:00:00,532.0
2087,2016-01-06 00:00:00,598.0
2088,2016-01-07 00:00:00,569.0
2089,2016-01-08 00:00:00,562.0
2090,2016-01-09 00:00:00,401.0
2091,2016-01-10 00:00:00,465.0
2092,2016-01-11 00:00:00,624.0
2093,2016-01-12 00:00:00,642.0
2094,2016-01-13 00:00:00,676.0
2095,2016-01-14 00:00:00,583.0
2096,2016-01-15 00:00:00,604.0
2097,2016-01-16 00:00:00,440.0
2098,2016-01-17 00:00:00,518.0
2099,2016-01-18 00:00:00,636.0
2100,2016-01-19 00:00:00,759.0
2101,2016-01-20 00:00:00,746.0
2102,2016-01-21 00:00:00,641.0
2103,2016-01-22 00:00:00,621.0
2104,2016-01-23 00:00:00,500.0
2105,2016-01-24 00:00:00,528.0
2106,2016-01-25 00:00:00,650.0
2107,2016-01-26 00:00:00,662.0
2108,2016-01-27 00:00:00,702.0
2109,2016-01-28 00:00:00,704.0
2110,2016-01-29 00:00:00,1001.0
2111,2016-01-30 00:00:00,953.0
2112,2016-01-31 00:00:00,535.0
2113,2016-02-01 00:00:00,688.0
2114,2016-02-02 00:00:00,737.0
2115,2016-02-03 00:00:00,731.0
2116,2016-02-04 00:00:00,660.0
2117,2016-02-05 00:00:00,688.0
2118,2016-02-06 00:00:00,517.0
2119,2016-02-07 00:00:00,494.0
2120,2016-02-08 00:00:00,691.0
2121,2016-02-09 00:00:00,685.0
2122,2016-02-10 00:00:00,737.0
2123,2016-02-11 00:00:00,646.0
2124,2016-02-12 00:00:00,653.0
2125,2016-02-13 00:00:00,534.0
2126,2016-02-14 00:00:00,501.0
2127,2016-02-15 00:00:00,704.0
2128,2016-02-16 00:00:00,764.0
2129,2016-02-17 00:00:00,816.0
2130,2016-02-18 00:00:00,727.0
2131,2016-02-19 00:00:00,717.0
2132,2016-02-20 00:00:00,566.0
2133,2016-02-21 00:00:00,531.0
2134,2016-02-22 00:00:00,739.0
2135,2016-02-23 00:00:00,742.0
2136,2016-02-24 00:00:00,801.0
2137,2016-09-25 00:00:00,601.0
2138,2016-09-26 00:00:00,1010.0
2139,2016-09-27 00:00:00,988.0
2140,2016-09-28 00:00:00,979.0
2141,2016-09-29 00:00:00,945.0
2142,2016-09-30 00:00:00,753.0
2143,2016-10-01 00:00:00,590.0
2144,2016-10-02 00:00:00,668.0
2145,2016-10-03 00:00:00,906.0
2146,2016-10-04 00:00:00,1002.0
2147,2016-10-05 00:00:00,1010.0
2148,2016-10-06 00:00:00,939.0
2149,2016-10-07 00:00:00,863.0
2150,2016-10-08 00:00:00,673.0
2151,2016-10-09 00:00:00,638.0
2152,2016-10-10 00:00:00,839.0
2153,2016-10-11 00:00:00,950.0
2154,2016-10-12 00:00:00,1030.0
2155,2016-10-13 00:00:00,870.0
2156,2016-10-14 00:00:00,919.0
2157,2016-10-15 00:00:00,636.0
2158,2016-10-16 00:00:00,726.0
2159,2016-10-17 00:00:00,941.0
2160,2016-10-18 00:00:00,997.0
2161,2016-10-19 00:00:00,988.0
2162,2016-10-20 00:00:00,937.0
2163,2016-10-21 00:00:00,786.0
2164,2016-10-22 00:00:00,731.0
2165,2016-10-23 00:00:00,679.0
2166,2016-10-24 00:00:00,920.0
2167,2016-10-25 00:00:00,940.0
2168,2016-10-26 00:00:00,912.0
2169,2016-10-27 00:00:00,940.0
2170,2016-10-28 00:00:00,901.0
2171,2016-10-29 00:00:00,623.0
2172,2016-10-30 00:00:00,622.0
2173,2016-10-31 00:00:00,828.0
2174,2016-11-01 00:00:00,883.0
2175,2016-11-02 00:00:00,858.0
2176,2016-11-03 00:00:00,949.0
2177,2016-11-04 00:00:00,789.0
2178,2016-11-05 00:00:00,704.0
2179,2016-11-06 00:00:00,731.0
2180,2016-11-07 00:00:00,896.0
2181,2016-11-08 00:00:00,1088.0
2182,2016-11-09 00:00:00,899.0
2183,2016-11-10 00:00:00,958.0
2184,2016-11-11 00:00:00,829.0
2185,2016-11-12 00:00:00,679.0
2186,2016-11-13 00:00:00,774.0
2187,2016-11-14 00:00:00,972.0
2188,2016-11-15 00:00:00,1071.0
2189,2016-11-16 00:00:00,945.0
2190,2016-11-17 00:00:00,1002.0
2191,2016-11-18 00:00:00,950.0
2192,2016-11-19 00:00:00,702.0
2193,2016-11-20 00:00:00,765.0
2194,2016-11-21 00:00:00,1022.0
2195,2016-11-22 00:00:00,1059.0
2196,2016-11-23 00:00:00,1023.0
2197,2016-11-24 00:00:00,863.0
2198,2016-11-25 00:00:00,735.0
2199,2016-11-26 00:00:00,672.0
2200,2016-11-27 00:00:00,669.0
2201,2016-11-28 00:00:00,1008.0
2202,2016-11-29 00:00:00,1134.0
2203,2016-11-30 00:00:00,973.0
2204,2016-12-01 00:00:00,1043.0
2205,2016-12-02 00:00:00,994.0
2206,2016-12-03 00:00:00,687.0
2207,2016-12-04 00:00:00,815.0
2208,2016-12-05 00:00:00,1002.0
2209,2016-12-06 00:00:00,1016.0
2210,2016-12-07 00:00:00,1022.0
2211,2016-12-08 00:00:00,913.0
2212,2016-12-09 00:00:00,918.0
2213,2016-12-10 00:00:00,766.0
2214,2016-12-11 00:00:00,740.0
2215,2016-12-12 00:00:00,985.0
2216,2016-12-13 00:00:00,971.0
2217,2016-12-14 00:00:00,892.0
2218,2016-12-15 00:00:00,884.0
2219,2016-12-16 00:00:00,801.0
2220,2016-12-17 00:00:00,567.0
2221,2016-12-18 00:00:00,671.0
2222,2016-12-19 00:00:00,801.0
2223,2016-12-20 00:00:00,871.0
2224,2016-12-21 00:00:00,814.0
2225,2016-12-22 00:00:00,761.0
2226,2016-12-23 00:00:00,656.0
2227,2016-12-24 00:00:00,443.0
2228,2016-12-25 00:00:00,420.0
2229,2016-12-26 00:00:00,582.0
2230,2016-12-27 00:00:00,687.0
2231,2016-12-28 00:00:00,670.0
2232,2016-12-29 00:00:00,708.0
2233,2016-12-30 00:00:00,584.0
2234,2016-12-31 00:00:00,365.0
2235,2017-01-01 00:00:00,357.0
2236,2017-01-02 00:00:00,614.0
2237,2017-01-03 00:00:00,754.0
2238,2017-01-04 00:00:00,822.0
2239,2017-01-05 00:00:00,786.0
2240,2017-01-06 00:00:00,748.0
2241,2017-01-07 00:00:00,655.0
2242,2017-01-08 00:00:00,666.0
2243,2017-01-09 00:00:00,938.0
2244,2017-01-10 00:00:00,942.0
2245,2017-01-11 00:00:00,988.0
2246,2017-01-12 00:00:00,880.0
2247,2017-01-13 00:00:00,886.0
2248,2017-01-14 00:00:00,712.0
2249,2017-01-15 00:00:00,691.0
2250,2017-01-16 00:00:00,1076.0
2251,2017-01-17 00:00:00,1170.0
2252,2017-01-18 00:00:00,1110.0
2253,2017-01-19 00:00:00,1115.0
2254,2017-01-20 00:00:00,1383.0
2255,2017-01-21 00:00:00,1198.0
2256,2017-01-22 00:00:00,793.0
2257,2017-01-23 00:00:00,1099.0
2258,2017-01-24 00:00:00,1030.0
2259,2017-01-25 00:00:00,1005.0
2260,2017-01-26 00:00:00,978.0
2261,2017-01-27 00:00:00,826.0
2262,2017-01-28 00:00:00,673.0
2263,2017-01-29 00:00:00,703.0
2264,2017-01-30 00:00:00,965.0
2265,2017-01-31 00:00:00,968.0
2266,2017-02-01 00:00:00,1120.0
2267,2017-02-02 00:00:00,1052.0
2268,2017-02-03 00:00:00,866.0
2269,2017-02-04 00:00:00,751.0
2270,2017-02-05 00:00:00,784.0
2271,2017-02-06 00:00:00,1183.0
2272,2017-02-07 00:00:00,1240.0
2273,2017-02-08 00:00:00,1152.0
2274,2017-02-09 00:00:00,1264.0
2275,2017-02-10 00:00:00,1042.0
2276,2017-02-11 00:00:00,751.0
2277,2017-02-12 00:00:00,828.0
2278,2017-02-13 00:00:00,1154.0
2279,2017-02-14 00:00:00,1076.0
2280,2017-02-15 00:00:00,1180.0
2281,2017-02-16 00:00:00,1190.0
2282,2017-02-17 00:00:00,1098.0
2283,2017-02-18 00:00:00,776.0
2284,2017-02-19 00:00:00,826.0
2285,2017-02-20 00:00:00,1189.0
2286,2017-02-21 00:00:00,1278.0
2287,2017-02-22 00:00:00,1186.0
2288,2017-02-23 00:00:00,1111.0
2289,2017-02-24 00:00:00,1044.0
2290,2017-02-25 00:00:00,763.0
2291,2017-02-26 00:00:00,830.0
2292,2017-02-27 00:00:00,1181.0
2293,2017-02-28 00:00:00,1191.0
2294,2017-03-01 00:00:00,1184.0
2295,2017-03-02 00:00:00,1060.0
2296,2017-03-03 00:00:00,1070.0
2297,2017-03-04 00:00:00,842.0
2298,2017-03-05 00:00:00,877.0
2299,2017-03-06 00:00:00,1169.0
2300,2017-03-07 00:00:00,1197.0
2301,2017-03-08 00:00:00,1155.0
2302,2017-03-09 00:00:00,1094.0
2303,2017-03-10 00:00:00,1200.0
2304,2017-03-11 00:00:00,794.0
2305,2017-03-12 00:00:00,946.0
2306,2017-03-13 00:00:00,1183.0
2307,2017-03-14 00:00:00,1197.0
2308,2017-03-15 00:00:00,1114.0
2309,2017-03-16 00:00:00,1140.0
2310,2017-03-17 00:00:00,1006.0
2311,2017-03-18 00:00:00,756.0
2312,2017-03-19 00:00:00,864.0
2313,2017-03-20 00:00:00,1166.0
2314,2017-03-21 00:00:00,1186.0
2315,2017-03-22 00:00:00,1189.0
2316,2017-03-23 00:00:00,1119.0
2317,2017-03-24 00:00:00,1068.0
2318,2017-03-25 00:00:00,826.0
2319,2017-03-26 00:00:00,874.0
2320,2017-03-27 00:00:00,1135.0
2321,2017-03-28 00:00:00,1187.0
2322,2017-03-29 00:00:00,1205.0
2323,2017-03-30 00:00:00,1132.0
2324,2017-03-31 00:00:00,1088.0
2325,2017-04-01 00:00:00,868.0
2326,2017-04-02 00:00:00,834.0
2327,2017-04-03 00:00:00,1197.0
2328,2017-04-04 00:00:00,1190.0
2329,2017-04-05 00:00:00,1272.0
2330,2017-04-06 00:00:00,1179.0
2331,2017-04-07 00:00:00,1019.0
2332,2017-04-08 00:00:00,848.0
2333,2017-04-09 00:00:00,951.0
2334,2017-04-10 00:00:00,1233.0
2335,2017-04-11 00:00:00,1218.0
2336,2017-04-12 00:00:00,1069.0
2337,2017-04-13 00:00:00,1055.0
2338,2017-04-14 00:00:00,877.0
2339,2017-04-15 00:00:00,788.0
2340,2017-04-16 00:00:00,733.0
2341,2017-04-17 00:00:00,1036.0
2342,2017-04-18 00:00:00,1242.0
2343,2017-04-19 00:00:00,1229.0
2344,2017-04-20 00:00:00,1210.0
2345,2017-04-21 00:00:00,1200.0
2346,2017-04-22 00:00:00,1032.0
2347,2017-04-23 00:00:00,935.0
2348,2017-04-24 00:00:00,1196.0
2349,2017-04-25 00:00:00,1191.0
2350,2017-04-26 00:00:00,1204.0
2351,2017-04-27 00:00:00,1105.0
2352,2017-04-28 00:00:00,1079.0
2353,2017-04-29 00:00:00,739.0
2354,2017-04-30 00:00:00,746.0
2355,2017-05-01 00:00:00,985.0
2356,2017-05-02 00:00:00,1072.0
2357,2017-05-03 00:00:00,1108.0
2358,2017-05-04 00:00:00,1168.0
2359,2017-05-05 00:00:00,1054.0
2360,2017-05-06 00:00:00,776.0
2361,2017-05-07 00:00:00,762.0
2362,2017-05-08 00:00:00,1079.0
2363,2017-05-09 00:00:00,1100.0
2364,2017-05-10 00:00:00,1138.0
2365,2017-05-11 00:00:00,1169.0
2366,2017-05-12 00:00:00,1193.0
2367,2017-05-13 00:00:00,887.0
2368,2017-05-14 00:00:00,817.0
2369,2017-05-15 00:00:00,1146.0
2370,2017-05-16 00:00:00,1234.0
2371,2017-05-17 00:00:00,1154.0
2372,2017-05-18 00:00:00,1156.0
2373,2017-05-19 00:00:00,1132.0
2374,2017-05-20 00:00:00,787.0
2375,2017-05-21 00:00:00,849.0
2376,2017-05-22 00:00:00,1156.0
2377,2017-05-23 00:00:00,1258.0
2378,2017-05-24 00:00:00,1204.0
2379,2017-05-25 00:00:00,1183.0
2380,2017-05-26 00:00:00,1019.0
2381,2017-05-27 00:00:00,751.0
2382,2017-05-28 00:00:00,790.0
2383,2017-05-29 00:00:00,921.0
2384,2017-05-30 00:00:00,1153.0
2385,2017-05-31 00:00:00,1196.0
2386,2017-06-01 00:00:00,1104.0
2387,2017-06-02 00:00:00,1056.0
2388,2017-06-03 00:00:00,836.0
2389,2017-06-04 00:00:00,852.0
2390,2017-06-05 00:00:00,1067.0
2391,2017-06-06 00:00:00,1134.0
2392,2017-06-07 00:00:00,1288.0
2393,2017-06-08 00:00:00,1139.0
2394,2017-06-09 00:00:00,1044.0
2395,2017-06-10 00:00:00,740.0
2396,2017-06-11 00:00:00,830.0
2397,2017-06-12 00:00:00,1038.0
2398,2017-06-13 00:00:00,1100.0
2399,2017-06-14 00:00:00,1071.0
2400,2017-06-15 00:00:00,979.0
2401,2017-06-16 00:00:00,1068.0
2402,2017-06-17 00:00:00,752.0
2403,2017-06-18 00:00:00,730.0
2404,2017-06-19 00:00:00,983.0
2405,2017-06-20 00:00:00,1033.0
2406,2017-06-21 00:00:00,1060.0
2407,2017-06-22 00:00:00,1028.0
2408,2017-06-23 00:00:00,909.0
2409,2017-06-24 00:00:00,733.0
2410,2017-06-25 00:00:00,700.0
2411,2017-06-26 00:00:00,1055.0
2412,2017-06-27 00:00:00,1010.0
2413,2017-06-28 00:00:00,1082.0
2414,2017-06-29 00:00:00,1051.0
2415,2017-06-30 00:00:00,934.0
2416,2017-07-01 00:00:00,657.0
2417,2017-07-02 00:00:00,745.0
2418,2017-07-03 00:00:00,968.0
2419,2017-07-04 00:00:00,980.0
2420,2017-07-05 00:00:00,1183.0
2421,2017-07-06 00:00:00,1000.0
2422,2017-07-07 00:00:00,1063.0
2423,2017-07-08 00:00:00,763.0
2424,2017-07-09 00:00:00,790.0
2425,2017-07-10 00:00:00,1143.0
2426,2017-07-11 00:00:00,1257.0
2427,2017-07-12 00:00:00,1159.0
2428,2017-07-13 00:00:00,1192.0
2429,2017-07-14 00:00:00,945.0
2430,2017-07-15 00:00:00,681.0
2431,2017-07-16 00:00:00,727.0
2432,2017-07-17 00:00:00,1106.0
2433,2017-07-18 00:00:00,1108.0
2434,2017-07-19 00:00:00,1067.0
2435,2017-07-20 00:00:00,927.0
2436,2017-07-21 00:00:00,954.0
2437,2017-07-22 00:00:00,736.0
2438,2017-07-23 00:00:00,712.0
2439,2017-07-24 00:00:00,1075.0
2440,2017-07-25 00:00:00,1068.0
2441,2017-07-26 00:00:00,1092.0
2442,2017-07-27 00:00:00,977.0
2443,2017-07-28 00:00:00,952.0
2444,2017-07-29 00:00:00,898.0
2445,2017-07-30 00:00:00,772.0
2446,2017-07-31 00:00:00,1023.0
2447,2017-08-01 00:00:00,1095.0
2448,2017-08-02 00:00:00,990.0
2449,2017-08-03 00:00:00,1034.0
2450,2017-08-04 00:00:00,1001.0
2451,2017-08-05 00:00:00,653.0
2452,2017-08-06 00:00:00,758.0
2453,2017-08-07 00:00:00,1009.0
2454,2017-08-08 00:00:00,1078.0
2455,2017-08-09 00:00:00,1022.0
2456,2017-08-10 00:00:00,978.0
2457,2017-08-11 00:00:00,939.0
2458,2017-08-12 00:00:00,699.0
2459,2017-08-13 00:00:00,755.0
2460,2017-08-14 00:00:00,1086.0
2461,2017-08-15 00:00:00,1033.0
2462,2017-08-16 00:00:00,1113.0
2463,2017-08-17 00:00:00,1174.0
2464,2017-08-18 00:00:00,1058.0
2465,2017-08-19 00:00:00,658.0
2466,2017-08-20 00:00:00,848.0
2467,2017-08-21 00:00:00,1103.0
2468,2017-08-22 00:00:00,1120.0
2469,2017-08-23 00:00:00,1110.0
2470,2017-08-24 00:00:00,1063.0
2471,2017-08-25 00:00:00,988.0
2472,2017-08-26 00:00:00,764.0
2473,2017-08-27 00:00:00,739.0
2474,2017-08-28 00:00:00,1052.0
2475,2017-08-29 00:00:00,967.0
2476,2017-08-30 00:00:00,1125.0
2477,2017-08-31 00:00:00,1001.0
2478,2017-09-01 00:00:00,990.0
2479,2017-09-02 00:00:00,724.0
2480,2017-09-03 00:00:00,865.0
2481,2017-09-04 00:00:00,1051.0
2482,2017-09-05 00:00:00,1217.0
2483,2017-09-06 00:00:00,1215.0
2484,2017-09-07 00:00:00,1219.0
2485,2017-09-08 00:00:00,1105.0
2486,2017-09-09 00:00:00,755.0
2487,2017-09-10 00:00:00,873.0
2488,2017-09-11 00:00:00,1175.0
2489,2017-09-12 00:00:00,1318.0
2490,2017-09-13 00:00:00,1303.0
2491,2017-09-14 00:00:00,1177.0
2492,2017-09-15 00:00:00,1168.0
2493,2017-09-16 00:00:00,891.0
2494,2017-09-17 00:00:00,926.0
2495,2017-09-18 00:00:00,1335.0
2496,2017-09-19 00:00:00,1300.0
2497,2017-09-20 00:00:00,1231.0
2498,2017-09-21 00:00:00,1429.0
2499,2017-09-22 00:00:00,1137.0
2500,2017-09-23 00:00:00,839.0
2501,2017-09-24 00:00:00,901.0
2502,2017-09-25 00:00:00,1338.0
2503,2017-09-26 00:00:00,1506.0
2504,2017-09-27 00:00:00,1493.0
2505,2017-09-28 00:00:00,1404.0
2506,2017-09-29 00:00:00,1194.0
2507,2017-09-30 00:00:00,871.0
2508,2017-10-01 00:00:00,938.0
2509,2017-10-02 00:00:00,1251.0
2510,2017-10-03 00:00:00,1336.0
2511,2017-10-04 00:00:00,1276.0
2512,2017-10-05 00:00:00,1354.0
2513,2017-10-06 00:00:00,1133.0
2514,2017-10-07 00:00:00,962.0
2515,2017-10-08 00:00:00,963.0
2516,2017-10-09 00:00:00,1350.0
2517,2017-10-10 00:00:00,1633.0
2518,2017-10-11 00:00:00,1433.0
2519,2017-10-12 00:00:00,1299.0
2520,2017-10-13 00:00:00,1237.0
2521,2017-10-14 00:00:00,868.0
2522,2017-10-15 00:00:00,907.0
2523,2017-10-16 00:00:00,1477.0
2524,2017-10-17 00:00:00,1495.0
2525,2017-10-18 00:00:00,1346.0
2526,2017-10-19 00:00:00,1324.0
2527,2017-10-20 00:00:00,1236.0
2528,2017-10-21 00:00:00,950.0
2529,2017-10-22 00:00:00,1070.0
2530,2017-10-23 00:00:00,1391.0
2531,2017-10-24 00:00:00,1524.0
2532,2017-10-25 00:00:00,1370.0
2533,2017-10-26 00:00:00,1392.0
2534,2017-10-27 00:00:00,1276.0
2535,2017-10-28 00:00:00,935.0
2536,2017-10-29 00:00:00,1036.0
2537,2017-10-30 00:00:00,1419.0
2538,2017-10-31 00:00:00,1261.0
2539,2017-11-01 00:00:00,1309.0
2540,2017-11-02 00:00:00,1448.0
2541,2017-11-03 00:00:00,1226.0
2542,2017-11-04 00:00:00,960.0
2543,2017-11-05 00:00:00,1099.0
2544,2017-11-06 00:00:00,1312.0
2545,2017-11-07 00:00:00,1512.0
2546,2017-11-08 00:00:00,1400.0
2547,2017-11-09 00:00:00,1306.0
2548,2017-11-10 00:00:00,1292.0
2549,2017-11-11 00:00:00,1028.0
2550,2017-11-12 00:00:00,1108.0
2551,2017-11-13 00:00:00,1468.0
2552,2017-11-14 00:00:00,1478.0
2553,2017-11-15 00:00:00,1404.0
2554,2017-11-16 00:00:00,1306.0
2555,2017-11-17 00:00:00,1279.0
2556,2017-11-18 00:00:00,983.0
2557,2017-11-19 00:00:00,1061.0
2558,2017-11-20 00:00:00,1440.0
2559,2017-11-21 00:00:00,1455.0
2560,2017-11-22 00:00:00,1465.0
2561,2017-11-23 00:00:00,1213.0
2562,2017-11-24 00:00:00,1086.0
2563,2017-11-25 00:00:00,909.0
2564,2017-11-26 00:00:00,993.0
2565,2017-11-27 00:00:00,1493.0
2566,2017-11-28 00:00:00,1496.0
2567,2017-11-29 00:00:00,1400.0
2568,2017-11-30 00:00:00,1405.0
2569,2017-12-01 00:00:00,1414.0
2570,2017-12-02 00:00:00,1235.0
2571,2017-12-03 00:00:00,1068.0
2572,2017-12-04 00:00:00,1502.0
2573,2017-12-05 00:00:00,1402.0
2574,2017-12-06 00:00:00,1429.0
2575,2017-12-07 00:00:00,1275.0
2576,2017-12-08 00:00:00,1170.0
2577,2017-12-09 00:00:00,858.0
2578,2017-12-10 00:00:00,984.0
2579,2017-12-11 00:00:00,1404.0
2580,2017-12-12 00:00:00,1378.0
2581,2017-12-13 00:00:00,1338.0
2582,2017-12-14 00:00:00,1338.0
2583,2017-12-15 00:00:00,1166.0
2584,2017-12-16 00:00:00,864.0
2585,2017-12-17 00:00:00,928.0
2586,2017-12-18 00:00:00,1214.0
2587,2017-12-19 00:00:00,1319.0
2588,2017-12-20 00:00:00,1171.0
2589,2017-12-21 00:00:00,1231.0
2590,2017-12-22 00:00:00,936.0
2591,2017-12-23 00:00:00,691.0
2592,2017-12-24 00:00:00,654.0
2593,2017-12-25 00:00:00,716.0
2594,2017-12-26 00:00:00,915.0
2595,2017-12-27 00:00:00,1049.0
2596,2017-12-28 00:00:00,988.0
2597,2017-12-29 00:00:00,994.0
2598,2017-12-30 00:00:00,701.0
2599,2017-12-31 00:00:00,552.0
2600,2018-01-01 00:00:00,544.0
2601,2018-01-02 00:00:00,971.0
2602,2018-01-03 00:00:00,1130.0
2603,2018-01-04 00:00:00,1232.0
2604,2018-01-05 00:00:00,1032.0
2605,2018-01-06 00:00:00,810.0
2606,2018-01-07 00:00:00,984.0
2607,2018-01-08 00:00:00,1256.0
2608,2018-01-09 00:00:00,1366.0
2609,2018-01-10 00:00:00,1436.0
2610,2018-01-11 00:00:00,1325.0
2611,2018-01-12 00:00:00,1305.0
2612,2018-01-13 00:00:00,902.0
2613,2018-01-14 00:00:00,1006.0
2614,2018-01-15 00:00:00,1364.0
2615,2018-01-16 00:00:00,1519.0
2616,2018-01-17 00:00:00,1437.0
2617,2018-01-18 00:00:00,1455.0
2618,2018-01-19 00:00:00,1232.0
2619,2018-01-20 00:00:00,1072.0
2620,2018-01-21 00:00:00,1120.0
2621,2018-01-22 00:00:00,1535.0
2622,2018-01-23 00:00:00,1589.0
2623,2018-01-24 00:00:00,1486.0
2624,2018-01-25 00:00:00,1474.0
2625,2018-01-26 00:00:00,1862.0
2626,2018-01-27 00:00:00,1531.0
2627,2018-01-28 00:00:00,1167.0
2628,2018-01-29 00:00:00,1639.0
2629,2018-01-30 00:00:00,1568.0
2630,2018-01-31 00:00:00,1576.0
2631,2018-02-01 00:00:00,1564.0
2632,2018-02-02 00:00:00,1439.0
2633,2018-02-03 00:00:00,996.0
2634,2018-02-04 00:00:00,1120.0
2635,2018-02-05 00:00:00,1561.0
2636,2018-02-06 00:00:00,1604.0
2637,2018-02-07 00:00:00,1599.0
2638,2018-02-08 00:00:00,1494.0
2639,2018-02-09 00:00:00,1373.0
2640,2018-02-10 00:00:00,1134.0
2641,2018-02-11 00:00:00,1154.0
2642,2018-02-12 00:00:00,1546.0
2643,2018-02-13 00:00:00,1541.0
2644,2018-02-14 00:00:00,1362.0
2645,2018-02-15 00:00:00,1359.0
2646,2018-02-16 00:00:00,1289.0
2647,2018-02-17 00:00:00,943.0
2648,2018-02-18 00:00:00,1074.0
2649,2018-02-19 00:00:00,1471.0
2650,2018-02-20 00:00:00,1568.0
2651,2018-02-21 00:00:00,1583.0
2652,2018-02-22 00:00:00,1488.0
2653,2018-02-23 00:00:00,1454.0
2654,2018-02-24 00:00:00,1137.0
2655,2018-02-25 00:00:00,1132.0
2656,2018-02-26 00:00:00,1566.0
2657,2018-02-27 00:00:00,1630.0
2658,2018-02-28 00:00:00,1578.0
2659,2018-03-01 00:00:00,1643.0
2660,2018-03-02 00:00:00,1445.0
2661,2018-03-03 00:00:00,1090.0
2662,2018-03-04 00:00:00,1134.0
2663,2018-03-05 00:00:00,1535.0
2664,2018-03-06 00:00:00,1706.0
2665,2018-03-07 00:00:00,1659.0
2666,2018-03-08 00:00:00,1526.0
2667,2018-03-09 00:00:00,1494.0
2668,2018-03-10 00:00:00,1077.0
2669,2018-03-11 00:00:00,1225.0
2670,2018-03-12 00:00:00,1719.0
2671,2018-03-13 00:00:00,1772.0
2672,2018-03-14 00:00:00,1591.0
2673,2018-03-15 00:00:00,1670.0
2674,2018-03-16 00:00:00,1443.0
2675,2018-03-17 00:00:00,1213.0
2676,2018-03-18 00:00:00,1200.0
2677,2018-03-19 00:00:00,1494.0
2678,2018-03-20 00:00:00,1781.0
2679,2018-03-21 00:00:00,1596.0
2680,2018-03-22 00:00:00,1684.0
2681,2018-03-23 00:00:00,1494.0
2682,2018-03-24 00:00:00,1152.0
2683,2018-03-25 00:00:00,1205.0
2684,2018-03-26 00:00:00,1579.0
2685,2018-03-27 00:00:00,1644.0
2686,2018-03-28 00:00:00,1593.0
2687,2018-03-29 00:00:00,1566.0
2688,2018-03-30 00:00:00,1257.0
2689,2018-03-31 00:00:00,1066.0
2690,2018-04-01 00:00:00,1095.0
2691,2018-04-02 00:00:00,1395.0
2692,2018-04-03 00:00:00,1619.0
2693,2018-04-04 00:00:00,1565.0
2694,2018-04-05 00:00:00,1508.0
2695,2018-04-06 00:00:00,1327.0
2696,2018-04-07 00:00:00,2515.0
2697,2018-04-08 00:00:00,5022.0
2698,2018-04-09 00:00:00,1639.0
2699,2018-04-10 00:00:00,1674.0
2700,2018-04-11 00:00:00,1696.0
2701,2018-04-12 00:00:00,1665.0
2702,2018-04-13 00:00:00,1490.0
2703,2018-04-14 00:00:00,1113.0
2704,2018-04-15 00:00:00,1230.0
2705,2018-04-16 00:00:00,1695.0
2706,2018-04-17 00:00:00,1763.0
2707,2018-04-18 00:00:00,1795.0
2708,2018-04-19 00:00:00,1751.0
2709,2018-04-20 00:00:00,1607.0
2710,2018-04-21 00:00:00,1317.0
2711,2018-04-22 00:00:00,1234.0
2712,2018-04-23 00:00:00,1746.0
2713,2018-04-24 00:00:00,1865.0
2714,2018-04-25 00:00:00,1671.0
2715,2018-04-26 00:00:00,1568.0
2716,2018-04-27 00:00:00,1455.0
2717,2018-04-28 00:00:00,1137.0
2718,2018-04-29 00:00:00,1044.0
2719,2018-04-30 00:00:00,1352.0
2720,2018-05-01 00:00:00,1381.0
2721,2018-05-02 00:00:00,1646.0
2722,2018-05-03 00:00:00,1548.0
2723,2018-05-04 00:00:00,1507.0
2724,2018-05-05 00:00:00,1020.0
2725,2018-05-06 00:00:00,1137.0
2726,2018-05-07 00:00:00,1587.0
2727,2018-05-08 00:00:00,1687.0
2728,2018-05-09 00:00:00,1644.0
2729,2018-05-10 00:00:00,1603.0
2730,2018-05-11 00:00:00,1596.0
2731,2018-05-12 00:00:00,1097.0
2732,2018-05-13 00:00:00,1141.0
2733,2018-05-14 00:00:00,1657.0
2734,2018-05-15 00:00:00,1691.0
2735,2018-05-16 00:00:00,1640.0
2736,2018-05-17 00:00:00,1634.0
2737,2018-05-18 00:00:00,1428.0
2738,2018-05-19 00:00:00,1177.0
2739,2018-05-20 00:00:00,1235.0
2740,2018-05-21 00:00:00,1545.0
2741,2018-05-22 00:00:00,1595.0
2742,2018-05-23 00:00:00,1661.0
2743,2018-05-24 00:00:00,1523.0
2744,2018-05-25 00:00:00,1414.0
2745,2018-05-26 00:00:00,1051.0
2746,2018-05-27 00:00:00,1066.0
2747,2018-05-28 00:00:00,1493.0
2748,2018-05-29 00:00:00,1583.0
2749,2018-05-30 00:00:00,1497.0
2750,2018-05-31 00:00:00,1533.0
2751,2018-06-01 00:00:00,1325.0
2752,2018-06-02 00:00:00,1046.0
2753,2018-06-03 00:00:00,1108.0
2754,2018-06-04 00:00:00,1724.0
2755,2018-06-05 00:00:00,1759.0
2756,2018-06-06 00:00:00,1680.0
2757,2018-06-07 00:00:00,1565.0
2758,2018-06-08 00:00:00,1474.0
2759,2018-06-09 00:00:00,1094.0
2760,2018-06-10 00:00:00,1113.0
2761,2018-06-11 00:00:00,1522.0
2762,2018-06-12 00:00:00,1578.0
2763,2018-06-13 00:00:00,1464.0
2764,2018-06-14 00:00:00,1347.0
2765,2018-06-15 00:00:00,1282.0
2766,2018-06-16 00:00:00,926.0
2767,2018-06-17 00:00:00,1015.0
2768,2018-06-18 00:00:00,1409.0
2769,2018-06-19 00:00:00,1479.0
2770,2018-06-20 00:00:00,1512.0
2771,2018-06-21 00:00:00,1454.0
2772,2018-06-22 00:00:00,1231.0
2773,2018-06-23 00:00:00,996.0
2774,2018-06-24 00:00:00,1023.0
2775,2018-06-25 00:00:00,1588.0
2776,2018-06-26 00:00:00,1564.0
2777,2018-06-27 00:00:00,1423.0
2778,2018-06-28 00:00:00,1364.0
2779,2018-06-29 00:00:00,1285.0
2780,2018-06-30 00:00:00,970.0
2781,2018-07-01 00:00:00,948.0
2782,2018-07-02 00:00:00,1505.0
2783,2018-07-03 00:00:00,1396.0
2784,2018-07-04 00:00:00,1365.0
2785,2018-07-05 00:00:00,1359.0
2786,2018-07-06 00:00:00,1241.0
2787,2018-07-07 00:00:00,916.0
2788,2018-07-08 00:00:00,991.0
2789,2018-07-09 00:00:00,1407.0
2790,2018-07-10 00:00:00,1359.0
2791,2018-07-11 00:00:00,1344.0
2792,2018-07-12 00:00:00,1254.0
2793,2018-07-13 00:00:00,1258.0
2794,2018-07-14 00:00:00,881.0
2795,2018-07-15 00:00:00,935.0
2796,2018-07-16 00:00:00,1309.0
2797,2018-07-17 00:00:00,1467.0
2798,2018-07-18 00:00:00,1431.0
2799,2018-07-19 00:00:00,1489.0
2800,2018-07-20 00:00:00,1266.0
2801,2018-07-21 00:00:00,1012.0
2802,2018-07-22 00:00:00,1081.0
2803,2018-07-23 00:00:00,1455.0
2804,2018-07-24 00:00:00,1330.0
2805,2018-07-25 00:00:00,1360.0
2806,2018-07-26 00:00:00,1401.0
2807,2018-07-27 00:00:00,1209.0
2808,2018-07-28 00:00:00,885.0
2809,2018-07-29 00:00:00,1025.0
2810,2018-07-30 00:00:00,1427.0
2811,2018-07-31 00:00:00,1446.0
2812,2018-08-01 00:00:00,1350.0
2813,2018-08-02 00:00:00,1252.0
2814,2018-08-03 00:00:00,1185.0
2815,2018-08-04 00:00:00,888.0
2816,2018-08-05 00:00:00,943.0
2817,2018-08-06 00:00:00,1331.0
2818,2018-08-07 00:00:00,1233.0
2819,2018-08-08 00:00:00,1317.0
2820,2018-08-09 00:00:00,1263.0
2821,2018-08-10 00:00:00,1266.0
2822,2018-08-11 00:00:00,964.0
2823,2018-08-12 00:00:00,999.0
2824,2018-08-13 00:00:00,1486.0
2825,2018-08-14 00:00:00,1316.0
2826,2018-08-15 00:00:00,1330.0
2827,2018-08-16 00:00:00,1353.0
2828,2018-08-17 00:00:00,1241.0
2829,2018-08-18 00:00:00,943.0
2830,2018-08-19 00:00:00,953.0
2831,2018-08-20 00:00:00,1391.0
2832,2018-08-21 00:00:00,1343.0
2833,2018-08-22 00:00:00,1354.0
2834,2018-08-23 00:00:00,1330.0
2835,2018-08-24 00:00:00,1379.0
2836,2018-08-25 00:00:00,995.0
2837,2018-08-26 00:00:00,1034.0
2838,2018-08-27 00:00:00,1439.0
2839,2018-08-28 00:00:00,1429.0
2840,2018-08-29 00:00:00,1525.0
2841,2018-08-30 00:00:00,1455.0
2842,2018-08-31 00:00:00,1390.0
2843,2018-09-01 00:00:00,1039.0
2844,2018-09-02 00:00:00,1046.0
2845,2018-09-03 00:00:00,1379.0
2846,2018-09-04 00:00:00,1681.0
2847,2018-09-05 00:00:00,1722.0
2848,2018-09-06 00:00:00,1566.0
2849,2018-09-07 00:00:00,1359.0
2850,2018-09-08 00:00:00,1077.0
2851,2018-09-09 00:00:00,1236.0
2852,2018-09-10 00:00:00,1742.0
2853,2018-09-11 00:00:00,1945.0
2854,2018-09-12 00:00:00,1758.0
2855,2018-09-13 00:00:00,1790.0
2856,2018-09-14 00:00:00,1559.0
2857,2018-09-15 00:00:00,1126.0
2858,2018-09-16 00:00:00,1182.0
2859,2018-09-17 00:00:00,1782.0
2860,2018-09-18 00:00:00,1916.0
2861,2018-09-19 00:00:00,1819.0
2862,2018-09-20 00:00:00,1595.0
2863,2018-09-21 00:00:00,1616.0
2864,2018-09-22 00:00:00,1118.0
2865,2018-09-23 00:00:00,1219.0
2866,2018-09-24 00:00:00,1830.0
2867,2018-09-25 00:00:00,1968.0
2868,2018-09-26 00:00:00,1991.0
2869,2018-09-27 00:00:00,1778.0
2870,2018-09-28 00:00:00,1656.0
2871,2018-09-29 00:00:00,1148.0
2872,2018-09-30 00:00:00,1203.0
2873,2018-10-01 00:00:00,1774.0
2874,2018-10-02 00:00:00,1971.0
2875,2018-10-03 00:00:00,1747.0
2876,2018-10-04 00:00:00,1803.0
2877,2018-10-05 00:00:00,1635.0
2878,2018-10-06 00:00:00,1280.0
2879,2018-10-07 00:00:00,1407.0
2880,2018-10-08 00:00:00,1998.0
2881,2018-10-09 00:00:00,1980.0
2882,2018-10-10 00:00:00,1993.0
2883,2018-10-11 00:00:00,1985.0
2884,2018-10-12 00:00:00,1714.0
2885,2018-10-13 00:00:00,1246.0
2886,2018-10-14 00:00:00,1351.0
2887,2018-10-15 00:00:00,1902.0
2888,2018-10-16 00:00:00,1873.0
2889,2018-10-17 00:00:00,1981.0
2890,2018-10-18 00:00:00,1806.0
2891,2018-10-19 00:00:00,1638.0
2892,2018-10-20 00:00:00,1344.0
2893,2018-10-21 00:00:00,1400.0
2894,2018-10-22 00:00:00,1188.0
2895,2018-10-23 00:00:00,2059.0
2896,2018-10-24 00:00:00,1983.0
2897,2018-10-25 00:00:00,1856.0
2898,2018-10-26 00:00:00,1653.0
2899,2018-10-27 00:00:00,1315.0
2900,2018-10-28 00:00:00,1324.0
2901,2018-10-29 00:00:00,1810.0
2902,2018-10-30 00:00:00,1818.0
2903,2018-10-31 00:00:00,1836.0
2904,2018-11-01 00:00:00,1685.0
2905,2018-11-02 00:00:00,1735.0
2906,2018-11-03 00:00:00,1270.0
2907,2018-11-04 00:00:00,1312.0
2908,2018-11-05 00:00:00,1959.0
2909,2018-11-06 00:00:00,1933.0
2910,2018-11-07 00:00:00,1864.0
2911,2018-11-08 00:00:00,1908.0
2912,2018-11-09 00:00:00,1666.0
2913,2018-11-10 00:00:00,1315.0
2914,2018-11-11 00:00:00,1360.0
2915,2018-11-12 00:00:00,1864.0
2916,2018-11-13 00:00:00,1797.0
2917,2018-11-14 00:00:00,1912.0
2918,2018-11-15 00:00:00,1850.0
2919,2018-11-16 00:00:00,1655.0
2920,2018-11-17 00:00:00,1261.0
2921,2018-11-18 00:00:00,1296.0
2922,2018-11-19 00:00:00,1758.0
2923,2018-11-20 00:00:00,1739.0
2924,2018-11-21 00:00:00,1670.0
